Workbook

Sheet Monthly Summary
A1: Dry store Request report
A2: Month
A3: Code | B3: รายการ | C3: Breakfast | D3: Canteen | E3: A la carte | F3: คงเหลือ (Inventory)
C4: (จำนวน) | D4: (จำนวน) | E4: (จำนวน)
A5: 1000005 | B5: เกลือ ปรุงทิพย์ 1000 กรัม | C5: ='วันที่ 1'!E5+'วันที่ 2 '!E5+'วันที่ 3'!E5+'วันที่ 4'!E5+'วันที่ 5'!E5+'วันที่ 6'!E5+'วันที่ 7'!E5+'วันที่ 8'!E5+'วันที่ 9'!E5+'วันที่ 10'!E5+'วันที่11'!E5+'วันที่12'!E5+'วันที่13'!E6+'วันที่ 14'!E5+'วันที่ 15'!E5+'วันที่ 16'!E5+'วันที่ 17'!E5+'วันที่ 18'!E5+'วันที่ 19'!E5+'วันที่ 20'!E5+'วันที่ 21'!E5+'วันที่ 22'!E5+'วันที่ 23'!E5+'วันที่ 24'!E5+'วันที่ 25'!E5+'วันที่ 26'!E5+'วันที่ 27'!E5+'วันที่ 28'!E5+'วันที่ 29'!E5+'วันที่ 30'!E5+'วันที่ 31'!E5 -> 0 | D5: ='วันที่ 1'!F5+'วันที่ 2 '!F5+'วันที่ 3'!F5+'วันที่ 4'!F5+'วันที่ 5'!F5+'วันที่ 6'!F5+'วันที่ 7'!F5+'วันที่ 8'!F5+'วันที่ 9'!F5+'วันที่ 10'!F5+'วันที่11'!F5+'วันที่12'!F5+'วันที่13'!F6+'วันที่ 14'!F5+'วันที่ 15'!F5+'วันที่ 16'!F5+'วันที่ 17'!F5+'วันที่ 18'!F5+'วันที่ 19'!F5+'วันที่ 20'!F5+'วันที่ 21'!F5+'วันที่ 22'!F5+'วันที่ 23'!F5+'วันที่ 24'!F5+'วันที่ 25'!F5+'วันที่ 26'!F5+'วันที่ 27'!F5+'วันที่ 28'!F5+'วันที่ 29'!F5+'วันที่ 30'!F5+'วันที่ 31'!F5 -> 0 | E5: ='วันที่ 1'!G5+'วันที่ 2 '!G5+'วันที่ 3'!G5+'วันที่ 4'!G5+'วันที่ 5'!G5+'วันที่ 6'!G5+'วันที่ 7'!G5+'วันที่ 8'!G5+'วันที่ 9'!G5+'วันที่ 10'!G5+'วันที่11'!G5+'วันที่12'!G5+'วันที่13'!G6+'วันที่ 14'!G5+'วันที่ 15'!G5+'วันที่ 16'!G5+'วันที่ 17'!G5+'วันที่ 18'!G5+'วันที่ 19'!G5+'วันที่ 20'!G5+'วันที่ 21'!G5+'วันที่ 22'!G5+'วันที่ 23'!G5+'วันที่ 24'!G5+'วันที่ 25'!G5+'วันที่ 26'!G5+'วันที่ 27'!G5+'วันที่ 28'!G5+'วันที่ 29'!G5+'วันที่ 30'!G5+'วันที่ 31'!G5 -> 0 | F5: ='วันที่ 31'!K5 -> 8
A6: 1000018 | B6: เต้าเจี้ยวสูตร 1 เด็กสมบูรณ์ 800 มล.*3 | C6: ='วันที่ 1'!E6+'วันที่ 2 '!E6+'วันที่ 3'!E6+'วันที่ 4'!E6+'วันที่ 5'!E6+'วันที่ 6'!E6+'วันที่ 7'!E6+'วันที่ 8'!E6+'วันที่ 9'!E6+'วันที่ 10'!E6+'วันที่11'!E6+'วันที่12'!E6+'วันที่13'!E7+'วันที่ 14'!E6+'วันที่ 15'!E6+'วันที่ 16'!E6+'วันที่ 17'!E6+'วันที่ 18'!E6+'วันที่ 19'!E6+'วันที่ 20'!E6+'วันที่ 21'!E6+'วันที่ 22'!E6+'วันที่ 23'!E6+'วันที่ 24'!E6+'วันที่ 25'!E6+'วันที่ 26'!E6+'วันที่ 27'!E6+'วันที่ 28'!E6+'วันที่ 29'!E6+'วันที่ 30'!E6+'วันที่ 31'!E6 -> 0 | D6: ='วันที่ 1'!F6+'วันที่ 2 '!F6+'วันที่ 3'!F6+'วันที่ 4'!F6+'วันที่ 5'!F6+'วันที่ 6'!F6+'วันที่ 7'!F6+'วันที่ 8'!F6+'วันที่ 9'!F6+'วันที่ 10'!F6+'วันที่11'!F6+'วันที่12'!F6+'วันที่13'!F7+'วันที่ 14'!F6+'วันที่ 15'!F6+'วันที่ 16'!F6+'วันที่ 17'!F6+'วันที่ 18'!F6+'วันที่ 19'!F6+'วันที่ 20'!F6+'วันที่ 21'!F6+'วันที่ 22'!F6+'วันที่ 23'!F6+'วันที่ 24'!F6+'วันที่ 25'!F6+'วันที่ 26'!F6+'วันที่ 27'!F6+'วันที่ 28'!F6+'วันที่ 29'!F6+'วันที่ 30'!F6+'วันที่ 31'!F6 -> 0 | E6: ='วันที่ 1'!G6+'วันที่ 2 '!G6+'วันที่ 3'!G6+'วันที่ 4'!G6+'วันที่ 5'!G6+'วันที่ 6'!G6+'วันที่ 7'!G6+'วันที่ 8'!G6+'วันที่ 9'!G6+'วันที่ 10'!G6+'วันที่11'!G6+'วันที่12'!G6+'วันที่13'!G7+'วันที่ 14'!G6+'วันที่ 15'!G6+'วันที่ 16'!G6+'วันที่ 17'!G6+'วันที่ 18'!G6+'วันที่ 19'!G6+'วันที่ 20'!G6+'วันที่ 21'!G6+'วันที่ 22'!G6+'วันที่ 23'!G6+'วันที่ 24'!G6+'วันที่ 25'!G6+'วันที่ 26'!G6+'วันที่ 27'!G6+'วันที่ 28'!G6+'วันที่ 29'!G6+'วันที่ 30'!G6+'วันที่ 31'!G6 -> 0 | F6: ='วันที่ 31'!K6 -> 1
A7: 1000015 | B7: ซีอิ้วดำสูตร 5 เด็กสมบูรณ์ 940ml. | C7: ='วันที่ 1'!E7+'วันที่ 2 '!E7+'วันที่ 3'!E7+'วันที่ 4'!E7+'วันที่ 5'!E7+'วันที่ 6'!E7+'วันที่ 7'!E7+'วันที่ 8'!E7+'วันที่ 9'!E7+'วันที่ 10'!E7+'วันที่11'!E7+'วันที่12'!E7+'วันที่13'!E8+'วันที่ 14'!E7+'วันที่ 15'!E7+'วันที่ 16'!E7+'วันที่ 17'!E7+'วันที่ 18'!E7+'วันที่ 19'!E7+'วันที่ 20'!E7+'วันที่ 21'!E7+'วันที่ 22'!E7+'วันที่ 23'!E7+'วันที่ 24'!E7+'วันที่ 25'!E7+'วันที่ 26'!E7+'วันที่ 27'!E7+'วันที่ 28'!E7+'วันที่ 29'!E7+'วันที่ 30'!E7+'วันที่ 31'!E7 -> 0 | D7: ='วันที่ 1'!F7+'วันที่ 2 '!F7+'วันที่ 3'!F7+'วันที่ 4'!F7+'วันที่ 5'!F7+'วันที่ 6'!F7+'วันที่ 7'!F7+'วันที่ 8'!F7+'วันที่ 9'!F7+'วันที่ 10'!F7+'วันที่11'!F7+'วันที่12'!F7+'วันที่13'!F8+'วันที่ 14'!F7+'วันที่ 15'!F7+'วันที่ 16'!F7+'วันที่ 17'!F7+'วันที่ 18'!F7+'วันที่ 19'!F7+'วันที่ 20'!F7+'วันที่ 21'!F7+'วันที่ 22'!F7+'วันที่ 23'!F7+'วันที่ 24'!F7+'วันที่ 25'!F7+'วันที่ 26'!F7+'วันที่ 27'!F7+'วันที่ 28'!F7+'วันที่ 29'!F7+'วันที่ 30'!F7+'วันที่ 31'!F7 -> 0 | E7: ='วันที่ 1'!G7+'วันที่ 2 '!G7+'วันที่ 3'!G7+'วันที่ 4'!G7+'วันที่ 5'!G7+'วันที่ 6'!G7+'วันที่ 7'!G7+'วันที่ 8'!G7+'วันที่ 9'!G7+'วันที่ 10'!G7+'วันที่11'!G7+'วันที่12'!G7+'วันที่13'!G8+'วันที่ 14'!G7+'วันที่ 15'!G7+'วันที่ 16'!G7+'วันที่ 17'!G7+'วันที่ 18'!G7+'วันที่ 19'!G7+'วันที่ 20'!G7+'วันที่ 21'!G7+'วันที่ 22'!G7+'วันที่ 23'!G7+'วันที่ 24'!G7+'วันที่ 25'!G7+'วันที่ 26'!G7+'วันที่ 27'!G7+'วันที่ 28'!G7+'วันที่ 29'!G7+'วันที่ 30'!G7+'วันที่ 31'!G7 -> 0 | F7: ='วันที่ 31'!K7 -> 2
A8: 1000025 | B8: น้ำมันน้ำพริกเผา ฉั่วฮะเส็ง 700 ml. | C8: ='วันที่ 1'!E8+'วันที่ 2 '!E8+'วันที่ 3'!E8+'วันที่ 4'!E8+'วันที่ 5'!E8+'วันที่ 6'!E8+'วันที่ 7'!E8+'วันที่ 8'!E8+'วันที่ 9'!E8+'วันที่ 10'!E8+'วันที่11'!E8+'วันที่12'!E8+'วันที่13'!E9+'วันที่ 14'!E8+'วันที่ 15'!E8+'วันที่ 16'!E8+'วันที่ 17'!E8+'วันที่ 18'!E8+'วันที่ 19'!E8+'วันที่ 20'!E8+'วันที่ 21'!E8+'วันที่ 22'!E8+'วันที่ 23'!E8+'วันที่ 24'!E8+'วันที่ 25'!E8+'วันที่ 26'!E8+'วันที่ 27'!E8+'วันที่ 28'!E8+'วันที่ 29'!E8+'วันที่ 30'!E8+'วันที่ 31'!E8 -> 0 | D8: ='วันที่ 1'!F8+'วันที่ 2 '!F8+'วันที่ 3'!F8+'วันที่ 4'!F8+'วันที่ 5'!F8+'วันที่ 6'!F8+'วันที่ 7'!F8+'วันที่ 8'!F8+'วันที่ 9'!F8+'วันที่ 10'!F8+'วันที่11'!F8+'วันที่12'!F8+'วันที่13'!F9+'วันที่ 14'!F8+'วันที่ 15'!F8+'วันที่ 16'!F8+'วันที่ 17'!F8+'วันที่ 18'!F8+'วันที่ 19'!F8+'วันที่ 20'!F8+'วันที่ 21'!F8+'วันที่ 22'!F8+'วันที่ 23'!F8+'วันที่ 24'!F8+'วันที่ 25'!F8+'วันที่ 26'!F8+'วันที่ 27'!F8+'วันที่ 28'!F8+'วันที่ 29'!F8+'วันที่ 30'!F8+'วันที่ 31'!F8 -> 0 | E8: ='วันที่ 1'!G8+'วันที่ 2 '!G8+'วันที่ 3'!G8+'วันที่ 4'!G8+'วันที่ 5'!G8+'วันที่ 6'!G8+'วันที่ 7'!G8+'วันที่ 8'!G8+'วันที่ 9'!G8+'วันที่ 10'!G8+'วันที่11'!G8+'วันที่12'!G8+'วันที่13'!G9+'วันที่ 14'!G8+'วันที่ 15'!G8+'วันที่ 16'!G8+'วันที่ 17'!G8+'วันที่ 18'!G8+'วันที่ 19'!G8+'วันที่ 20'!G8+'วันที่ 21'!G8+'วันที่ 22'!G8+'วันที่ 23'!G8+'วันที่ 24'!G8+'วันที่ 25'!G8+'วันที่ 26'!G8+'วันที่ 27'!G8+'วันที่ 28'!G8+'วันที่ 29'!G8+'วันที่ 30'!G8+'วันที่ 31'!G8 -> 0 | F8: ='วันที่ 31'!K8 -> 3
A9: 1000022 | B9: น้ำพริกเผาฉัวฮะเส็ง 2700g. | C9: ='วันที่ 1'!E9+'วันที่ 2 '!E9+'วันที่ 3'!E9+'วันที่ 4'!E9+'วันที่ 5'!E9+'วันที่ 6'!E9+'วันที่ 7'!E9+'วันที่ 8'!E9+'วันที่ 9'!E9+'วันที่ 10'!E9+'วันที่11'!E9+'วันที่12'!E9+'วันที่13'!E10+'วันที่ 14'!E9+'วันที่ 15'!E9+'วันที่ 16'!E9+'วันที่ 17'!E9+'วันที่ 18'!E9+'วันที่ 19'!E9+'วันที่ 20'!E9+'วันที่ 21'!E9+'วันที่ 22'!E9+'วันที่ 23'!E9+'วันที่ 24'!E9+'วันที่ 25'!E9+'วันที่ 26'!E9+'วันที่ 27'!E9+'วันที่ 28'!E9+'วันที่ 29'!E9+'วันที่ 30'!E9+'วันที่ 31'!E9 -> 0 | D9: ='วันที่ 1'!F9+'วันที่ 2 '!F9+'วันที่ 3'!F9+'วันที่ 4'!F9+'วันที่ 5'!F9+'วันที่ 6'!F9+'วันที่ 7'!F9+'วันที่ 8'!F9+'วันที่ 9'!F9+'วันที่ 10'!F9+'วันที่11'!F9+'วันที่12'!F9+'วันที่13'!F10+'วันที่ 14'!F9+'วันที่ 15'!F9+'วันที่ 16'!F9+'วันที่ 17'!F9+'วันที่ 18'!F9+'วันที่ 19'!F9+'วันที่ 20'!F9+'วันที่ 21'!F9+'วันที่ 22'!F9+'วันที่ 23'!F9+'วันที่ 24'!F9+'วันที่ 25'!F9+'วันที่ 26'!F9+'วันที่ 27'!F9+'วันที่ 28'!F9+'วันที่ 29'!F9+'วันที่ 30'!F9+'วันที่ 31'!F9 -> 0 | E9: ='วันที่ 1'!G9+'วันที่ 2 '!G9+'วันที่ 3'!G9+'วันที่ 4'!G9+'วันที่ 5'!G9+'วันที่ 6'!G9+'วันที่ 7'!G9+'วันที่ 8'!G9+'วันที่ 9'!G9+'วันที่ 10'!G9+'วันที่11'!G9+'วันที่12'!G9+'วันที่13'!G10+'วันที่ 14'!G9+'วันที่ 15'!G9+'วันที่ 16'!G9+'วันที่ 17'!G9+'วันที่ 18'!G9+'วันที่ 19'!G9+'วันที่ 20'!G9+'วันที่ 21'!G9+'วันที่ 22'!G9+'วันที่ 23'!G9+'วันที่ 24'!G9+'วันที่ 25'!G9+'วันที่ 26'!G9+'วันที่ 27'!G9+'วันที่ 28'!G9+'วันที่ 29'!G9+'วันที่ 30'!G9+'วันที่ 31'!G9 -> 0 | F9: ='วันที่ 31'!K9 -> 2
A10: 1000057 | B10: ผงปรุงรส อาหารญี่ปุ่น ฮอนดาชิ 1กก. | C10: ='วันที่ 1'!E10+'วันที่ 2 '!E10+'วันที่ 3'!E10+'วันที่ 4'!E10+'วันที่ 5'!E10+'วันที่ 6'!E10+'วันที่ 7'!E10+'วันที่ 8'!E10+'วันที่ 9'!E10+'วันที่ 10'!E10+'วันที่11'!E10+'วันที่12'!E10+'วันที่13'!E11+'วันที่ 14'!E10+'วันที่ 15'!E10+'วันที่ 16'!E10+'วันที่ 17'!E10+'วันที่ 18'!E10+'วันที่ 19'!E10+'วันที่ 20'!E10+'วันที่ 21'!E10+'วันที่ 22'!E10+'วันที่ 23'!E10+'วันที่ 24'!E10+'วันที่ 25'!E10+'วันที่ 26'!E10+'วันที่ 27'!E10+'วันที่ 28'!E10+'วันที่ 29'!E10+'วันที่ 30'!E10+'วันที่ 31'!E10 -> 0 | D10: ='วันที่ 1'!F10+'วันที่ 2 '!F10+'วันที่ 3'!F10+'วันที่ 4'!F10+'วันที่ 5'!F10+'วันที่ 6'!F10+'วันที่ 7'!F10+'วันที่ 8'!F10+'วันที่ 9'!F10+'วันที่ 10'!F10+'วันที่11'!F10+'วันที่12'!F10+'วันที่13'!F11+'วันที่ 14'!F10+'วันที่ 15'!F10+'วันที่ 16'!F10+'วันที่ 17'!F10+'วันที่ 18'!F10+'วันที่ 19'!F10+'วันที่ 20'!F10+'วันที่ 21'!F10+'วันที่ 22'!F10+'วันที่ 23'!F10+'วันที่ 24'!F10+'วันที่ 25'!F10+'วันที่ 26'!F10+'วันที่ 27'!F10+'วันที่ 28'!F10+'วันที่ 29'!F10+'วันที่ 30'!F10+'วันที่ 31'!F10 -> 0 | E10: ='วันที่ 1'!G10+'วันที่ 2 '!G10+'วันที่ 3'!G10+'วันที่ 4'!G10+'วันที่ 5'!G10+'วันที่ 6'!G10+'วันที่ 7'!G10+'วันที่ 8'!G10+'วันที่ 9'!G10+'วันที่ 10'!G10+'วันที่11'!G10+'วันที่12'!G10+'วันที่13'!G11+'วันที่ 14'!G10+'วันที่ 15'!G10+'วันที่ 16'!G10+'วันที่ 17'!G10+'วันที่ 18'!G10+'วันที่ 19'!G10+'วันที่ 20'!G10+'วันที่ 21'!G10+'วันที่ 22'!G10+'วันที่ 23'!G10+'วันที่ 24'!G10+'วันที่ 25'!G10+'วันที่ 26'!G10+'วันที่ 27'!G10+'วันที่ 28'!G10+'วันที่ 29'!G10+'วันที่ 30'!G10+'วันที่ 31'!G10 -> 0 | F10: ='วันที่ 31'!K10 -> 3
A11: 1000214 | B11: ซอสมะเขือเทศเข้มข้น ตราไมก้า 560 กรัม | C11: ='วันที่ 1'!E11+'วันที่ 2 '!E11+'วันที่ 3'!E11+'วันที่ 4'!E11+'วันที่ 5'!E11+'วันที่ 6'!E11+'วันที่ 7'!E11+'วันที่ 8'!E11+'วันที่ 9'!E11+'วันที่ 10'!E11+'วันที่11'!E11+'วันที่12'!E11+'วันที่13'!E12+'วันที่ 14'!E11+'วันที่ 15'!E11+'วันที่ 16'!E11+'วันที่ 17'!E11+'วันที่ 18'!E11+'วันที่ 19'!E11+'วันที่ 20'!E11+'วันที่ 21'!E11+'วันที่ 22'!E11+'วันที่ 23'!E11+'วันที่ 24'!E11+'วันที่ 25'!E11+'วันที่ 26'!E11+'วันที่ 27'!E11+'วันที่ 28'!E11+'วันที่ 29'!E11+'วันที่ 30'!E11+'วันที่ 31'!E11 -> 0 | D11: ='วันที่ 1'!F11+'วันที่ 2 '!F11+'วันที่ 3'!F11+'วันที่ 4'!F11+'วันที่ 5'!F11+'วันที่ 6'!F11+'วันที่ 7'!F11+'วันที่ 8'!F11+'วันที่ 9'!F11+'วันที่ 10'!F11+'วันที่11'!F11+'วันที่12'!F11+'วันที่13'!F12+'วันที่ 14'!F11+'วันที่ 15'!F11+'วันที่ 16'!F11+'วันที่ 17'!F11+'วันที่ 18'!F11+'วันที่ 19'!F11+'วันที่ 20'!F11+'วันที่ 21'!F11+'วันที่ 22'!F11+'วันที่ 23'!F11+'วันที่ 24'!F11+'วันที่ 25'!F11+'วันที่ 26'!F11+'วันที่ 27'!F11+'วันที่ 28'!F11+'วันที่ 29'!F11+'วันที่ 30'!F11+'วันที่ 31'!F11 -> 0 | E11: ='วันที่ 1'!G11+'วันที่ 2 '!G11+'วันที่ 3'!G11+'วันที่ 4'!G11+'วันที่ 5'!G11+'วันที่ 6'!G11+'วันที่ 7'!G11+'วันที่ 8'!G11+'วันที่ 9'!G11+'วันที่ 10'!G11+'วันที่11'!G11+'วันที่12'!G11+'วันที่13'!G12+'วันที่ 14'!G11+'วันที่ 15'!G11+'วันที่ 16'!G11+'วันที่ 17'!G11+'วันที่ 18'!G11+'วันที่ 19'!G11+'วันที่ 20'!G11+'วันที่ 21'!G11+'วันที่ 22'!G11+'วันที่ 23'!G11+'วันที่ 24'!G11+'วันที่ 25'!G11+'วันที่ 26'!G11+'วันที่ 27'!G11+'วันที่ 28'!G11+'วันที่ 29'!G11+'วันที่ 30'!G11+'วันที่ 31'!G11 -> 0 | F11: ='วันที่ 31'!K11 -> 1
A12: 1010017 | B12: ปลากระป๋อง | C12: ='วันที่ 1'!E12+'วันที่ 2 '!E12+'วันที่ 3'!E12+'วันที่ 4'!E12+'วันที่ 5'!E12+'วันที่ 6'!E12+'วันที่ 7'!E12+'วันที่ 8'!E12+'วันที่ 9'!E12+'วันที่ 10'!E12+'วันที่11'!E12+'วันที่12'!E12+'วันที่13'!E13+'วันที่ 14'!E12+'วันที่ 15'!E12+'วันที่ 16'!E12+'วันที่ 17'!E12+'วันที่ 18'!E12+'วันที่ 19'!E12+'วันที่ 20'!E12+'วันที่ 21'!E12+'วันที่ 22'!E12+'วันที่ 23'!E12+'วันที่ 24'!E12+'วันที่ 25'!E12+'วันที่ 26'!E12+'วันที่ 27'!E12+'วันที่ 28'!E12+'วันที่ 29'!E12+'วันที่ 30'!E12+'วันที่ 31'!E12 -> 0 | D12: ='วันที่ 1'!F12+'วันที่ 2 '!F12+'วันที่ 3'!F12+'วันที่ 4'!F12+'วันที่ 5'!F12+'วันที่ 6'!F12+'วันที่ 7'!F12+'วันที่ 8'!F12+'วันที่ 9'!F12+'วันที่ 10'!F12+'วันที่11'!F12+'วันที่12'!F12+'วันที่13'!F13+'วันที่ 14'!F12+'วันที่ 15'!F12+'วันที่ 16'!F12+'วันที่ 17'!F12+'วันที่ 18'!F12+'วันที่ 19'!F12+'วันที่ 20'!F12+'วันที่ 21'!F12+'วันที่ 22'!F12+'วันที่ 23'!F12+'วันที่ 24'!F12+'วันที่ 25'!F12+'วันที่ 26'!F12+'วันที่ 27'!F12+'วันที่ 28'!F12+'วันที่ 29'!F12+'วันที่ 30'!F12+'วันที่ 31'!F12 -> 0 | E12: ='วันที่ 1'!G12+'วันที่ 2 '!G12+'วันที่ 3'!G12+'วันที่ 4'!G12+'วันที่ 5'!G12+'วันที่ 6'!G12+'วันที่ 7'!G12+'วันที่ 8'!G12+'วันที่ 9'!G12+'วันที่ 10'!G12+'วันที่11'!G12+'วันที่12'!G12+'วันที่13'!G13+'วันที่ 14'!G12+'วันที่ 15'!G12+'วันที่ 16'!G12+'วันที่ 17'!G12+'วันที่ 18'!G12+'วันที่ 19'!G12+'วันที่ 20'!G12+'วันที่ 21'!G12+'วันที่ 22'!G12+'วันที่ 23'!G12+'วันที่ 24'!G12+'วันที่ 25'!G12+'วันที่ 26'!G12+'วันที่ 27'!G12+'วันที่ 28'!G12+'วันที่ 29'!G12+'วันที่ 30'!G12+'วันที่ 31'!G12 -> 0 | F12: ='วันที่ 31'!K12 -> 78
A13: 1010033 | B13: ปลาทูน่าในน้ำมันตราซีเล็คทูน่า 1800 กรัม*1 | C13: ='วันที่ 1'!E13+'วันที่ 2 '!E13+'วันที่ 3'!E13+'วันที่ 4'!E13+'วันที่ 5'!E13+'วันที่ 6'!E13+'วันที่ 7'!E13+'วันที่ 8'!E13+'วันที่ 9'!E13+'วันที่ 10'!E13+'วันที่11'!E13+'วันที่12'!E13+'วันที่13'!E14+'วันที่ 14'!E13+'วันที่ 15'!E13+'วันที่ 16'!E13+'วันที่ 17'!E13+'วันที่ 18'!E13+'วันที่ 19'!E13+'วันที่ 20'!E13+'วันที่ 21'!E13+'วันที่ 22'!E13+'วันที่ 23'!E13+'วันที่ 24'!E13+'วันที่ 25'!E13+'วันที่ 26'!E13+'วันที่ 27'!E13+'วันที่ 28'!E13+'วันที่ 29'!E13+'วันที่ 30'!E13+'วันที่ 31'!E13 -> 0 | D13: ='วันที่ 1'!F13+'วันที่ 2 '!F13+'วันที่ 3'!F13+'วันที่ 4'!F13+'วันที่ 5'!F13+'วันที่ 6'!F13+'วันที่ 7'!F13+'วันที่ 8'!F13+'วันที่ 9'!F13+'วันที่ 10'!F13+'วันที่11'!F13+'วันที่12'!F13+'วันที่13'!F14+'วันที่ 14'!F13+'วันที่ 15'!F13+'วันที่ 16'!F13+'วันที่ 17'!F13+'วันที่ 18'!F13+'วันที่ 19'!F13+'วันที่ 20'!F13+'วันที่ 21'!F13+'วันที่ 22'!F13+'วันที่ 23'!F13+'วันที่ 24'!F13+'วันที่ 25'!F13+'วันที่ 26'!F13+'วันที่ 27'!F13+'วันที่ 28'!F13+'วันที่ 29'!F13+'วันที่ 30'!F13+'วันที่ 31'!F13 -> 0 | E13: ='วันที่ 1'!G13+'วันที่ 2 '!G13+'วันที่ 3'!G13+'วันที่ 4'!G13+'วันที่ 5'!G13+'วันที่ 6'!G13+'วันที่ 7'!G13+'วันที่ 8'!G13+'วันที่ 9'!G13+'วันที่ 10'!G13+'วันที่11'!G13+'วันที่12'!G13+'วันที่13'!G14+'วันที่ 14'!G13+'วันที่ 15'!G13+'วันที่ 16'!G13+'วันที่ 17'!G13+'วันที่ 18'!G13+'วันที่ 19'!G13+'วันที่ 20'!G13+'วันที่ 21'!G13+'วันที่ 22'!G13+'วันที่ 23'!G13+'วันที่ 24'!G13+'วันที่ 25'!G13+'วันที่ 26'!G13+'วันที่ 27'!G13+'วันที่ 28'!G13+'วันที่ 29'!G13+'วันที่ 30'!G13+'วันที่ 31'!G13 -> 0 | F13: ='วันที่ 31'!K13 -> 4
A14: 1050003 | B14: น้ำตาลทรายขาวมิตรผล 1 กก.*ถุง | C14: ='วันที่ 1'!E14+'วันที่ 2 '!E14+'วันที่ 3'!E14+'วันที่ 4'!E14+'วันที่ 5'!E14+'วันที่ 6'!E14+'วันที่ 7'!E14+'วันที่ 8'!E14+'วันที่ 9'!E14+'วันที่ 10'!E14+'วันที่11'!E14+'วันที่12'!E14+'วันที่13'!E15+'วันที่ 14'!E14+'วันที่ 15'!E14+'วันที่ 16'!E14+'วันที่ 17'!E14+'วันที่ 18'!E14+'วันที่ 19'!E14+'วันที่ 20'!E14+'วันที่ 21'!E14+'วันที่ 22'!E14+'วันที่ 23'!E14+'วันที่ 24'!E14+'วันที่ 25'!E14+'วันที่ 26'!E14+'วันที่ 27'!E14+'วันที่ 28'!E14+'วันที่ 29'!E14+'วันที่ 30'!E14+'วันที่ 31'!E14 -> 0 | D14: ='วันที่ 1'!F14+'วันที่ 2 '!F14+'วันที่ 3'!F14+'วันที่ 4'!F14+'วันที่ 5'!F14+'วันที่ 6'!F14+'วันที่ 7'!F14+'วันที่ 8'!F14+'วันที่ 9'!F14+'วันที่ 10'!F14+'วันที่11'!F14+'วันที่12'!F14+'วันที่13'!F15+'วันที่ 14'!F14+'วันที่ 15'!F14+'วันที่ 16'!F14+'วันที่ 17'!F14+'วันที่ 18'!F14+'วันที่ 19'!F14+'วันที่ 20'!F14+'วันที่ 21'!F14+'วันที่ 22'!F14+'วันที่ 23'!F14+'วันที่ 24'!F14+'วันที่ 25'!F14+'วันที่ 26'!F14+'วันที่ 27'!F14+'วันที่ 28'!F14+'วันที่ 29'!F14+'วันที่ 30'!F14+'วันที่ 31'!F14 -> 0 | E14: ='วันที่ 1'!G14+'วันที่ 2 '!G14+'วันที่ 3'!G14+'วันที่ 4'!G14+'วันที่ 5'!G14+'วันที่ 6'!G14+'วันที่ 7'!G14+'วันที่ 8'!G14+'วันที่ 9'!G14+'วันที่ 10'!G14+'วันที่11'!G14+'วันที่12'!G14+'วันที่13'!G15+'วันที่ 14'!G14+'วันที่ 15'!G14+'วันที่ 16'!G14+'วันที่ 17'!G14+'วันที่ 18'!G14+'วันที่ 19'!G14+'วันที่ 20'!G14+'วันที่ 21'!G14+'วันที่ 22'!G14+'วันที่ 23'!G14+'วันที่ 24'!G14+'วันที่ 25'!G14+'วันที่ 26'!G14+'วันที่ 27'!G14+'วันที่ 28'!G14+'วันที่ 29'!G14+'วันที่ 30'!G14+'วันที่ 31'!G14 -> 0 | F14: ='วันที่ 31'!K14 -> 63
A15: 1050037 | B15: น้ำตาลอ้อยผสมน้ำตาลมะพร้าว มิตรผล 1กก*ถุง | C15: ='วันที่ 1'!E15+'วันที่ 2 '!E15+'วันที่ 3'!E15+'วันที่ 4'!E15+'วันที่ 5'!E15+'วันที่ 6'!E15+'วันที่ 7'!E15+'วันที่ 8'!E15+'วันที่ 9'!E15+'วันที่ 10'!E15+'วันที่11'!E15+'วันที่12'!E15+'วันที่13'!E16+'วันที่ 14'!E15+'วันที่ 15'!E15+'วันที่ 16'!E15+'วันที่ 17'!E15+'วันที่ 18'!E15+'วันที่ 19'!E15+'วันที่ 20'!E15+'วันที่ 21'!E15+'วันที่ 22'!E15+'วันที่ 23'!E15+'วันที่ 24'!E15+'วันที่ 25'!E15+'วันที่ 26'!E15+'วันที่ 27'!E15+'วันที่ 28'!E15+'วันที่ 29'!E15+'วันที่ 30'!E15+'วันที่ 31'!E15 -> 0 | D15: ='วันที่ 1'!F15+'วันที่ 2 '!F15+'วันที่ 3'!F15+'วันที่ 4'!F15+'วันที่ 5'!F15+'วันที่ 6'!F15+'วันที่ 7'!F15+'วันที่ 8'!F15+'วันที่ 9'!F15+'วันที่ 10'!F15+'วันที่11'!F15+'วันที่12'!F15+'วันที่13'!F16+'วันที่ 14'!F15+'วันที่ 15'!F15+'วันที่ 16'!F15+'วันที่ 17'!F15+'วันที่ 18'!F15+'วันที่ 19'!F15+'วันที่ 20'!F15+'วันที่ 21'!F15+'วันที่ 22'!F15+'วันที่ 23'!F15+'วันที่ 24'!F15+'วันที่ 25'!F15+'วันที่ 26'!F15+'วันที่ 27'!F15+'วันที่ 28'!F15+'วันที่ 29'!F15+'วันที่ 30'!F15+'วันที่ 31'!F15 -> 0 | E15: ='วันที่ 1'!G15+'วันที่ 2 '!G15+'วันที่ 3'!G15+'วันที่ 4'!G15+'วันที่ 5'!G15+'วันที่ 6'!G15+'วันที่ 7'!G15+'วันที่ 8'!G15+'วันที่ 9'!G15+'วันที่ 10'!G15+'วันที่11'!G15+'วันที่12'!G15+'วันที่13'!G16+'วันที่ 14'!G15+'วันที่ 15'!G15+'วันที่ 16'!G15+'วันที่ 17'!G15+'วันที่ 18'!G15+'วันที่ 19'!G15+'วันที่ 20'!G15+'วันที่ 21'!G15+'วันที่ 22'!G15+'วันที่ 23'!G15+'วันที่ 24'!G15+'วันที่ 25'!G15+'วันที่ 26'!G15+'วันที่ 27'!G15+'วันที่ 28'!G15+'วันที่ 29'!G15+'วันที่ 30'!G15+'วันที่ 31'!G15 -> 1 | F15: ='วันที่ 31'!K15 -> 18
A16: 1380073 | B16: เอโร่ แป้งข้าวโพด 1 กก. | C16: ='วันที่ 1'!E16+'วันที่ 2 '!E16+'วันที่ 3'!E16+'วันที่ 4'!E16+'วันที่ 5'!E16+'วันที่ 6'!E16+'วันที่ 7'!E16+'วันที่ 8'!E16+'วันที่ 9'!E16+'วันที่ 10'!E16+'วันที่11'!E16+'วันที่12'!E16+'วันที่13'!E17+'วันที่ 14'!E16+'วันที่ 15'!E16+'วันที่ 16'!E16+'วันที่ 17'!E16+'วันที่ 18'!E16+'วันที่ 19'!E16+'วันที่ 20'!E16+'วันที่ 21'!E16+'วันที่ 22'!E16+'วันที่ 23'!E16+'วันที่ 24'!E16+'วันที่ 25'!E16+'วันที่ 26'!E16+'วันที่ 27'!E16+'วันที่ 28'!E16+'วันที่ 29'!E16+'วันที่ 30'!E16+'วันที่ 31'!E16 -> 0 | D16: ='วันที่ 1'!F16+'วันที่ 2 '!F16+'วันที่ 3'!F16+'วันที่ 4'!F16+'วันที่ 5'!F16+'วันที่ 6'!F16+'วันที่ 7'!F16+'วันที่ 8'!F16+'วันที่ 9'!F16+'วันที่ 10'!F16+'วันที่11'!F16+'วันที่12'!F16+'วันที่13'!F17+'วันที่ 14'!F16+'วันที่ 15'!F16+'วันที่ 16'!F16+'วันที่ 17'!F16+'วันที่ 18'!F16+'วันที่ 19'!F16+'วันที่ 20'!F16+'วันที่ 21'!F16+'วันที่ 22'!F16+'วันที่ 23'!F16+'วันที่ 24'!F16+'วันที่ 25'!F16+'วันที่ 26'!F16+'วันที่ 27'!F16+'วันที่ 28'!F16+'วันที่ 29'!F16+'วันที่ 30'!F16+'วันที่ 31'!F16 -> 0 | E16: ='วันที่ 1'!G16+'วันที่ 2 '!G16+'วันที่ 3'!G16+'วันที่ 4'!G16+'วันที่ 5'!G16+'วันที่ 6'!G16+'วันที่ 7'!G16+'วันที่ 8'!G16+'วันที่ 9'!G16+'วันที่ 10'!G16+'วันที่11'!G16+'วันที่12'!G16+'วันที่13'!G17+'วันที่ 14'!G16+'วันที่ 15'!G16+'วันที่ 16'!G16+'วันที่ 17'!G16+'วันที่ 18'!G16+'วันที่ 19'!G16+'วันที่ 20'!G16+'วันที่ 21'!G16+'วันที่ 22'!G16+'วันที่ 23'!G16+'วันที่ 24'!G16+'วันที่ 25'!G16+'วันที่ 26'!G16+'วันที่ 27'!G16+'วันที่ 28'!G16+'วันที่ 29'!G16+'วันที่ 30'!G16+'วันที่ 31'!G16 -> 0 | F16: ='วันที่ 31'!K16 -> 1
... A34: 1110009 | B34: โบนัส น้ำมันปาล์ม ถัง 18 ล. | C34: ='วันที่ 1'!E34+'วันที่ 2 '!E34+'วันที่ 3'!E34+'วันที่ 4'!E34+'วันที่ 5'!E34+'วันที่ 6'!E34+'วันที่ 7'!E34+'วันที่ 8'!E34+'วันที่ 9'!E34+'วันที่ 10'!E34+'วันที่11'!E34+'วันที่12'!E34+'วันที่13'!E35+'วันที่ 14'!E34+'วันที่ 15'!E34+'วันที่ 16'!E34+'วันที่ 17'!E34+'วันที่ 18'!E34+'วันที่ 19'!E34+'วันที่ 20'!E34+'วันที่ 21'!E34+'วันที่ 22'!E34+'วันที่ 23'!E34+'วันที่ 24'!E34+'วันที่ 25'!E34+'วันที่ 26'!E34+'วันที่ 27'!E34+'วันที่ 28'!E34+'วันที่ 29'!E34+'วันที่ 30'!E34+'วันที่ 31'!E34 -> 0 | D34: ='วันที่ 1'!F34+'วันที่ 2 '!F34+'วันที่ 3'!F34+'วันที่ 4'!F34+'วันที่ 5'!F34+'วันที่ 6'!F34+'วันที่ 7'!F34+'วันที่ 8'!F34+'วันที่ 9'!F34+'วันที่ 10'!F34+'วันที่11'!F34+'วันที่12'!F34+'วันที่13'!F35+'วันที่ 14'!F34+'วันที่ 15'!F34+'วันที่ 16'!F34+'วันที่ 17'!F34+'วันที่ 18'!F34+'วันที่ 19'!F34+'วันที่ 20'!F34+'วันที่ 21'!F34+'วันที่ 22'!F34+'วันที่ 23'!F34+'วันที่ 24'!F34+'วันที่ 25'!F34+'วันที่ 26'!F34+'วันที่ 27'!F34+'วันที่ 28'!F34+'วันที่ 29'!F34+'วันที่ 30'!F34+'วันที่ 31'!F34 -> 0 | E34: ='วันที่ 1'!G34+'วันที่ 2 '!G34+'วันที่ 3'!G34+'วันที่ 4'!G34+'วันที่ 5'!G34+'วันที่ 6'!G34+'วันที่ 7'!G34+'วันที่ 8'!G34+'วันที่ 9'!G34+'วันที่ 10'!G34+'วันที่11'!G34+'วันที่12'!G34+'วันที่13'!G35+'วันที่ 14'!G34+'วันที่ 15'!G34+'วันที่ 16'!G34+'วันที่ 17'!G34+'วันที่ 18'!G34+'วันที่ 19'!G34+'วันที่ 20'!G34+'วันที่ 21'!G34+'วันที่ 22'!G34+'วันที่ 23'!G34+'วันที่ 24'!G34+'วันที่ 25'!G34+'วันที่ 26'!G34+'วันที่ 27'!G34+'วันที่ 28'!G34+'วันที่ 29'!G34+'วันที่ 30'!G34+'วันที่ 31'!G34 -> 1 | F34: ='วันที่ 31'!K34 -> 3
A35: 1500271 | B35: มายองเนส ตราเอโร่ 1000 กรัม*1 | C35: ='วันที่ 1'!E36+'วันที่ 2 '!E35+'วันที่ 3'!E35+'วันที่ 4'!E35+'วันที่ 5'!E35+'วันที่ 6'!E35+'วันที่ 7'!E35+'วันที่ 8'!E35+'วันที่ 9'!E35+'วันที่ 10'!E35+'วันที่11'!E35+'วันที่12'!E35+'วันที่13'!E36+'วันที่ 14'!E35+'วันที่ 15'!E35+'วันที่ 16'!E35+'วันที่ 17'!E35+'วันที่ 18'!E35+'วันที่ 19'!E35+'วันที่ 20'!E35+'วันที่ 21'!E35+'วันที่ 22'!E35+'วันที่ 23'!E35+'วันที่ 24'!E35+'วันที่ 25'!E35+'วันที่ 26'!E35+'วันที่ 27'!E35+'วันที่ 28'!E35+'วันที่ 29'!E35+'วันที่ 30'!E35+'วันที่ 31'!E35 -> 0 | D35: ='วันที่ 1'!F36+'วันที่ 2 '!F35+'วันที่ 3'!F35+'วันที่ 4'!F35+'วันที่ 5'!F35+'วันที่ 6'!F35+'วันที่ 7'!F35+'วันที่ 8'!F35+'วันที่ 9'!F35+'วันที่ 10'!F35+'วันที่11'!F35+'วันที่12'!F35+'วันที่13'!F36+'วันที่ 14'!F35+'วันที่ 15'!F35+'วันที่ 16'!F35+'วันที่ 17'!F35+'วันที่ 18'!F35+'วันที่ 19'!F35+'วันที่ 20'!F35+'วันที่ 21'!F35+'วันที่ 22'!F35+'วันที่ 23'!F35+'วันที่ 24'!F35+'วันที่ 25'!F35+'วันที่ 26'!F35+'วันที่ 27'!F35+'วันที่ 28'!F35+'วันที่ 29'!F35+'วันที่ 30'!F35+'วันที่ 31'!F35 -> 0 | E35: ='วันที่ 1'!G36+'วันที่ 2 '!G35+'วันที่ 3'!G35+'วันที่ 4'!G35+'วันที่ 5'!G35+'วันที่ 6'!G35+'วันที่ 7'!G35+'วันที่ 8'!G35+'วันที่ 9'!G35+'วันที่ 10'!G35+'วันที่11'!G35+'วันที่12'!G35+'วันที่13'!G36+'วันที่ 14'!G35+'วันที่ 15'!G35+'วันที่ 16'!G35+'วันที่ 17'!G35+'วันที่ 18'!G35+'วันที่ 19'!G35+'วันที่ 20'!G35+'วันที่ 21'!G35+'วันที่ 22'!G35+'วันที่ 23'!G35+'วันที่ 24'!G35+'วันที่ 25'!G35+'วันที่ 26'!G35+'วันที่ 27'!G35+'วันที่ 28'!G35+'วันที่ 29'!G35+'วันที่ 30'!G35+'วันที่ 31'!G35 -> 0 | F35: ='วันที่ 31'!K35 -> 9
A36: 1500052 | B36: มายองเนส (เรียล) เบสท์ฟูดส์ 1กก*ถุง (อะราคาส) | C36: ='วันที่ 1'!E36+'วันที่ 2 '!E35+'วันที่ 3'!E35+'วันที่ 4'!E35+'วันที่ 5'!E35+'วันที่ 6'!E35+'วันที่ 7'!E35+'วันที่ 8'!E35+'วันที่ 9'!E35+'วันที่ 10'!E35+'วันที่11'!E35+'วันที่12'!E35+'วันที่13'!E36+'วันที่ 14'!E35+'วันที่ 15'!E35+'วันที่ 16'!E35+'วันที่ 17'!E35+'วันที่ 18'!E35+'วันที่ 19'!E35+'วันที่ 20'!E35+'วันที่ 21'!E35+'วันที่ 22'!E35+'วันที่ 23'!E35+'วันที่ 24'!E35+'วันที่ 25'!E35+'วันที่ 26'!E35+'วันที่ 27'!E35+'วันที่ 28'!E35+'วันที่ 29'!E35+'วันที่ 30'!E35+'วันที่ 31'!E35 -> 0 | D36: ='วันที่ 1'!F36+'วันที่ 2 '!F35+'วันที่ 3'!F35+'วันที่ 4'!F35+'วันที่ 5'!F35+'วันที่ 6'!F35+'วันที่ 7'!F35+'วันที่ 8'!F35+'วันที่ 9'!F35+'วันที่ 10'!F35+'วันที่11'!F35+'วันที่12'!F35+'วันที่13'!F36+'วันที่ 14'!F35+'วันที่ 15'!F35+'วันที่ 16'!F35+'วันที่ 17'!F35+'วันที่ 18'!F35+'วันที่ 19'!F35+'วันที่ 20'!F35+'วันที่ 21'!F35+'วันที่ 22'!F35+'วันที่ 23'!F35+'วันที่ 24'!F35+'วันที่ 25'!F35+'วันที่ 26'!F35+'วันที่ 27'!F35+'วันที่ 28'!F35+'วันที่ 29'!F35+'วันที่ 30'!F35+'วันที่ 31'!F35 -> 0 | E36: ='วันที่ 1'!G36+'วันที่ 2 '!G35+'วันที่ 3'!G35+'วันที่ 4'!G35+'วันที่ 5'!G35+'วันที่ 6'!G35+'วันที่ 7'!G35+'วันที่ 8'!G35+'วันที่ 9'!G35+'วันที่ 10'!G35+'วันที่11'!G35+'วันที่12'!G35+'วันที่13'!G36+'วันที่ 14'!G35+'วันที่ 15'!G35+'วันที่ 16'!G35+'วันที่ 17'!G35+'วันที่ 18'!G35+'วันที่ 19'!G35+'วันที่ 20'!G35+'วันที่ 21'!G35+'วันที่ 22'!G35+'วันที่ 23'!G35+'วันที่ 24'!G35+'วันที่ 25'!G35+'วันที่ 26'!G35+'วันที่ 27'!G35+'วันที่ 28'!G35+'วันที่ 29'!G35+'วันที่ 30'!G35+'วันที่ 31'!G35 -> 0 | F36: ='วันที่ 31'!K35 -> 9
A37: 1500272 | B37: น้ำสลัดเทาซัน ไอน์แลนด์ 1กก.*ถุง | C37: ='วันที่ 1'!E37+'วันที่ 2 '!E36+'วันที่ 3'!E36+'วันที่ 4'!E36+'วันที่ 5'!E36+'วันที่ 6'!E36+'วันที่ 7'!E36+'วันที่ 8'!E36+'วันที่ 9'!E36+'วันที่ 10'!E36+'วันที่11'!E36+'วันที่12'!E36+'วันที่13'!E37+'วันที่ 14'!E36+'วันที่ 15'!E36+'วันที่ 16'!E36+'วันที่ 17'!E36+'วันที่ 18'!E36+'วันที่ 19'!E36+'วันที่ 20'!E36+'วันที่ 21'!E36+'วันที่ 22'!E36+'วันที่ 23'!E36+'วันที่ 24'!E36+'วันที่ 25'!E36+'วันที่ 26'!E36+'วันที่ 27'!E36+'วันที่ 28'!E36+'วันที่ 29'!E36+'วันที่ 30'!E36+'วันที่ 31'!E36 -> 0 | D37: ='วันที่ 1'!F37+'วันที่ 2 '!F36+'วันที่ 3'!F36+'วันที่ 4'!F36+'วันที่ 5'!F36+'วันที่ 6'!F36+'วันที่ 7'!F36+'วันที่ 8'!F36+'วันที่ 9'!F36+'วันที่ 10'!F36+'วันที่11'!F36+'วันที่12'!F36+'วันที่13'!F37+'วันที่ 14'!F36+'วันที่ 15'!F36+'วันที่ 16'!F36+'วันที่ 17'!F36+'วันที่ 18'!F36+'วันที่ 19'!F36+'วันที่ 20'!F36+'วันที่ 21'!F36+'วันที่ 22'!F36+'วันที่ 23'!F36+'วันที่ 24'!F36+'วันที่ 25'!F36+'วันที่ 26'!F36+'วันที่ 27'!F36+'วันที่ 28'!F36+'วันที่ 29'!F36+'วันที่ 30'!F36+'วันที่ 31'!F36 -> 0 | E37: ='วันที่ 1'!G37+'วันที่ 2 '!G36+'วันที่ 3'!G36+'วันที่ 4'!G36+'วันที่ 5'!G36+'วันที่ 6'!G36+'วันที่ 7'!G36+'วันที่ 8'!G36+'วันที่ 9'!G36+'วันที่ 10'!G36+'วันที่11'!G36+'วันที่12'!G36+'วันที่13'!G37+'วันที่ 14'!G36+'วันที่ 15'!G36+'วันที่ 16'!G36+'วันที่ 17'!G36+'วันที่ 18'!G36+'วันที่ 19'!G36+'วันที่ 20'!G36+'วันที่ 21'!G36+'วันที่ 22'!G36+'วันที่ 23'!G36+'วันที่ 24'!G36+'วันที่ 25'!G36+'วันที่ 26'!G36+'วันที่ 27'!G36+'วันที่ 28'!G36+'วันที่ 29'!G36+'วันที่ 30'!G36+'วันที่ 31'!G36 -> 0 | F37: ='วันที่ 31'!K36 -> 7
A38: 1120026 | B38: เนยถั่วแบบบดละเอียด ตราจิฟ 454 ก. | C38: ='วันที่ 1'!E38+'วันที่ 2 '!E37+'วันที่ 3'!E37+'วันที่ 4'!E37+'วันที่ 5'!E37+'วันที่ 6'!E37+'วันที่ 7'!E37+'วันที่ 8'!E37+'วันที่ 9'!E37+'วันที่ 10'!E37+'วันที่11'!E37+'วันที่12'!E37+'วันที่13'!E38+'วันที่ 14'!E37+'วันที่ 15'!E37+'วันที่ 16'!E37+'วันที่ 17'!E37+'วันที่ 18'!E37+'วันที่ 19'!E37+'วันที่ 20'!E37+'วันที่ 21'!E37+'วันที่ 22'!E37+'วันที่ 23'!E37+'วันที่ 24'!E37+'วันที่ 25'!E37+'วันที่ 26'!E37+'วันที่ 27'!E37+'วันที่ 28'!E37+'วันที่ 29'!E37+'วันที่ 30'!E37+'วันที่ 31'!E37 -> 0 | D38: ='วันที่ 1'!F38+'วันที่ 2 '!F37+'วันที่ 3'!F37+'วันที่ 4'!F37+'วันที่ 5'!F37+'วันที่ 6'!F37+'วันที่ 7'!F37+'วันที่ 8'!F37+'วันที่ 9'!F37+'วันที่ 10'!F37+'วันที่11'!F37+'วันที่12'!F37+'วันที่13'!F38+'วันที่ 14'!F37+'วันที่ 15'!F37+'วันที่ 16'!F37+'วันที่ 17'!F37+'วันที่ 18'!F37+'วันที่ 19'!F37+'วันที่ 20'!F37+'วันที่ 21'!F37+'วันที่ 22'!F37+'วันที่ 23'!F37+'วันที่ 24'!F37+'วันที่ 25'!F37+'วันที่ 26'!F37+'วันที่ 27'!F37+'วันที่ 28'!F37+'วันที่ 29'!F37+'วันที่ 30'!F37+'วันที่ 31'!F37 -> 0 | E38: ='วันที่ 1'!G38+'วันที่ 2 '!G37+'วันที่ 3'!G37+'วันที่ 4'!G37+'วันที่ 5'!G37+'วันที่ 6'!G37+'วันที่ 7'!G37+'วันที่ 8'!G37+'วันที่ 9'!G37+'วันที่ 10'!G37+'วันที่11'!G37+'วันที่12'!G37+'วันที่13'!G38+'วันที่ 14'!G37+'วันที่ 15'!G37+'วันที่ 16'!G37+'วันที่ 17'!G37+'วันที่ 18'!G37+'วันที่ 19'!G37+'วันที่ 20'!G37+'วันที่ 21'!G37+'วันที่ 22'!G37+'วันที่ 23'!G37+'วันที่ 24'!G37+'วันที่ 25'!G37+'วันที่ 26'!G37+'วันที่ 27'!G37+'วันที่ 28'!G37+'วันที่ 29'!G37+'วันที่ 30'!G37+'วันที่ 31'!G37 -> 0 | F38: ='วันที่ 31'!K37 -> 6
A39: 1000001 | B39: ถั่วขาวในซอสมะเขือเทศ 425 g. | C39: ='วันที่ 1'!E39+'วันที่ 2 '!E38+'วันที่ 3'!E38+'วันที่ 4'!E38+'วันที่ 5'!E38+'วันที่ 6'!E38+'วันที่ 7'!E38+'วันที่ 8'!E38+'วันที่ 9'!E38+'วันที่ 10'!E38+'วันที่11'!E38+'วันที่12'!E38+'วันที่13'!E39+'วันที่ 14'!E38+'วันที่ 15'!E38+'วันที่ 16'!E38+'วันที่ 17'!E38+'วันที่ 18'!E38+'วันที่ 19'!E38+'วันที่ 20'!E38+'วันที่ 21'!E38+'วันที่ 22'!E38+'วันที่ 23'!E38+'วันที่ 24'!E38+'วันที่ 25'!E38+'วันที่ 26'!E38+'วันที่ 27'!E38+'วันที่ 28'!E38+'วันที่ 29'!E38+'วันที่ 30'!E38+'วันที่ 31'!E38 -> 0 | D39: ='วันที่ 1'!F39+'วันที่ 2 '!F38+'วันที่ 3'!F38+'วันที่ 4'!F38+'วันที่ 5'!F38+'วันที่ 6'!F38+'วันที่ 7'!F38+'วันที่ 8'!F38+'วันที่ 9'!F38+'วันที่ 10'!F38+'วันที่11'!F38+'วันที่12'!F38+'วันที่13'!F39+'วันที่ 14'!F38+'วันที่ 15'!F38+'วันที่ 16'!F38+'วันที่ 17'!F38+'วันที่ 18'!F38+'วันที่ 19'!F38+'วันที่ 20'!F38+'วันที่ 21'!F38+'วันที่ 22'!F38+'วันที่ 23'!F38+'วันที่ 24'!F38+'วันที่ 25'!F38+'วันที่ 26'!F38+'วันที่ 27'!F38+'วันที่ 28'!F38+'วันที่ 29'!F38+'วันที่ 30'!F38+'วันที่ 31'!F38 -> 0 | E39: ='วันที่ 1'!G39+'วันที่ 2 '!G38+'วันที่ 3'!G38+'วันที่ 4'!G38+'วันที่ 5'!G38+'วันที่ 6'!G38+'วันที่ 7'!G38+'วันที่ 8'!G38+'วันที่ 9'!G38+'วันที่ 10'!G38+'วันที่11'!G38+'วันที่12'!G38+'วันที่13'!G39+'วันที่ 14'!G38+'วันที่ 15'!G38+'วันที่ 16'!G38+'วันที่ 17'!G38+'วันที่ 18'!G38+'วันที่ 19'!G38+'วันที่ 20'!G38+'วันที่ 21'!G38+'วันที่ 22'!G38+'วันที่ 23'!G38+'วันที่ 24'!G38+'วันที่ 25'!G38+'วันที่ 26'!G38+'วันที่ 27'!G38+'วันที่ 28'!G38+'วันที่ 29'!G38+'วันที่ 30'!G38+'วันที่ 31'!G38 -> 0 | F39: ='วันที่ 31'!K38 -> 10
A40: 1000019 | B40: น้ำปรุงรสข้าวซูชิ เอโร่ 1 ลิตร | C40: ='วันที่ 1'!E40+'วันที่ 2 '!E39+'วันที่ 3'!E39+'วันที่ 4'!E39+'วันที่ 5'!E39+'วันที่ 6'!E39+'วันที่ 7'!E39+'วันที่ 8'!E39+'วันที่ 9'!E39+'วันที่ 10'!E39+'วันที่11'!E39+'วันที่12'!E39+'วันที่13'!E40+'วันที่ 14'!E39+'วันที่ 15'!E39+'วันที่ 16'!E39+'วันที่ 17'!E39+'วันที่ 18'!E39+'วันที่ 19'!E39+'วันที่ 20'!E39+'วันที่ 21'!E39+'วันที่ 22'!E39+'วันที่ 23'!E39+'วันที่ 24'!E39+'วันที่ 25'!E39+'วันที่ 26'!E39+'วันที่ 27'!E39+'วันที่ 28'!E39+'วันที่ 29'!E39+'วันที่ 30'!E39+'วันที่ 31'!E39 -> 0 | D40: ='วันที่ 1'!F40+'วันที่ 2 '!F39+'วันที่ 3'!F39+'วันที่ 4'!F39+'วันที่ 5'!F39+'วันที่ 6'!F39+'วันที่ 7'!F39+'วันที่ 8'!F39+'วันที่ 9'!F39+'วันที่ 10'!F39+'วันที่11'!F39+'วันที่12'!F39+'วันที่13'!F40+'วันที่ 14'!F39+'วันที่ 15'!F39+'วันที่ 16'!F39+'วันที่ 17'!F39+'วันที่ 18'!F39+'วันที่ 19'!F39+'วันที่ 20'!F39+'วันที่ 21'!F39+'วันที่ 22'!F39+'วันที่ 23'!F39+'วันที่ 24'!F39+'วันที่ 25'!F39+'วันที่ 26'!F39+'วันที่ 27'!F39+'วันที่ 28'!F39+'วันที่ 29'!F39+'วันที่ 30'!F39+'วันที่ 31'!F39 -> 0 | E40: ='วันที่ 1'!G40+'วันที่ 2 '!G39+'วันที่ 3'!G39+'วันที่ 4'!G39+'วันที่ 5'!G39+'วันที่ 6'!G39+'วันที่ 7'!G39+'วันที่ 8'!G39+'วันที่ 9'!G39+'วันที่ 10'!G39+'วันที่11'!G39+'วันที่12'!G39+'วันที่13'!G40+'วันที่ 14'!G39+'วันที่ 15'!G39+'วันที่ 16'!G39+'วันที่ 17'!G39+'วันที่ 18'!G39+'วันที่ 19'!G39+'วันที่ 20'!G39+'วันที่ 21'!G39+'วันที่ 22'!G39+'วันที่ 23'!G39+'วันที่ 24'!G39+'วันที่ 25'!G39+'วันที่ 26'!G39+'วันที่ 27'!G39+'วันที่ 28'!G39+'วันที่ 29'!G39+'วันที่ 30'!G39+'วันที่ 31'!G39 -> 0 | F40: ='วันที่ 31'!K39 -> 5
A41: 1000062 | B41: ผงปาปริก้า (PAPRIKA) ตราแม็คคอร์มิค 510g.*กระปุก | C41: ='วันที่ 1'!E41+'วันที่ 2 '!E40+'วันที่ 3'!E40+'วันที่ 4'!E40+'วันที่ 5'!E40+'วันที่ 6'!E40+'วันที่ 7'!E40+'วันที่ 8'!E40+'วันที่ 9'!E40+'วันที่ 10'!E40+'วันที่11'!E40+'วันที่12'!E40+'วันที่13'!E41+'วันที่ 14'!E40+'วันที่ 15'!E40+'วันที่ 16'!E40+'วันที่ 17'!E40+'วันที่ 18'!E40+'วันที่ 19'!E40+'วันที่ 20'!E40+'วันที่ 21'!E40+'วันที่ 22'!E40+'วันที่ 23'!E40+'วันที่ 24'!E40+'วันที่ 25'!E40+'วันที่ 26'!E40+'วันที่ 27'!E40+'วันที่ 28'!E40+'วันที่ 29'!E40+'วันที่ 30'!E40+'วันที่ 31'!E40 -> 0 | D41: ='วันที่ 1'!F41+'วันที่ 2 '!F40+'วันที่ 3'!F40+'วันที่ 4'!F40+'วันที่ 5'!F40+'วันที่ 6'!F40+'วันที่ 7'!F40+'วันที่ 8'!F40+'วันที่ 9'!F40+'วันที่ 10'!F40+'วันที่11'!F40+'วันที่12'!F40+'วันที่13'!F41+'วันที่ 14'!F40+'วันที่ 15'!F40+'วันที่ 16'!F40+'วันที่ 17'!F40+'วันที่ 18'!F40+'วันที่ 19'!F40+'วันที่ 20'!F40+'วันที่ 21'!F40+'วันที่ 22'!F40+'วันที่ 23'!F40+'วันที่ 24'!F40+'วันที่ 25'!F40+'วันที่ 26'!F40+'วันที่ 27'!F40+'วันที่ 28'!F40+'วันที่ 29'!F40+'วันที่ 30'!F40+'วันที่ 31'!F40 -> 0 | E41: ='วันที่ 1'!G41+'วันที่ 2 '!G40+'วันที่ 3'!G40+'วันที่ 4'!G40+'วันที่ 5'!G40+'วันที่ 6'!G40+'วันที่ 7'!G40+'วันที่ 8'!G40+'วันที่ 9'!G40+'วันที่ 10'!G40+'วันที่11'!G40+'วันที่12'!G40+'วันที่13'!G41+'วันที่ 14'!G40+'วันที่ 15'!G40+'วันที่ 16'!G40+'วันที่ 17'!G40+'วันที่ 18'!G40+'วันที่ 19'!G40+'วันที่ 20'!G40+'วันที่ 21'!G40+'วันที่ 22'!G40+'วันที่ 23'!G40+'วันที่ 24'!G40+'วันที่ 25'!G40+'วันที่ 26'!G40+'วันที่ 27'!G40+'วันที่ 28'!G40+'วันที่ 29'!G40+'วันที่ 30'!G40+'วันที่ 31'!G40 -> 0 | F41: ='วันที่ 31'!K40 -> 4
A43: 1000083 | B43: น้ำส้มสายชูไวน์ขาว ตรา แบร์ทอลลี ขนาด 500 ml. | C43: ='วันที่ 1'!E43+'วันที่ 2 '!E42+'วันที่ 3'!E42+'วันที่ 4'!E42+'วันที่ 5'!E42+'วันที่ 6'!E42+'วันที่ 7'!E42+'วันที่ 8'!E42+'วันที่ 9'!E42+'วันที่ 10'!E42+'วันที่11'!E42+'วันที่12'!E42+'วันที่13'!E43+'วันที่ 14'!E42+'วันที่ 15'!E42+'วันที่ 16'!E42+'วันที่ 17'!E42+'วันที่ 18'!E42+'วันที่ 19'!E42+'วันที่ 20'!E42+'วันที่ 21'!E42+'วันที่ 22'!E42+'วันที่ 23'!E42+'วันที่ 24'!E42+'วันที่ 25'!E42+'วันที่ 26'!E42+'วันที่ 27'!E42+'วันที่ 28'!E42+'วันที่ 29'!E42+'วันที่ 30'!E42+'วันที่ 31'!E42 -> 0 | D43: ='วันที่ 1'!F43+'วันที่ 2 '!F42+'วันที่ 3'!F42+'วันที่ 4'!F42+'วันที่ 5'!F42+'วันที่ 6'!F42+'วันที่ 7'!F42+'วันที่ 8'!F42+'วันที่ 9'!F42+'วันที่ 10'!F42+'วันที่11'!F42+'วันที่12'!F42+'วันที่13'!F43+'วันที่ 14'!F42+'วันที่ 15'!F42+'วันที่ 16'!F42+'วันที่ 17'!F42+'วันที่ 18'!F42+'วันที่ 19'!F42+'วันที่ 20'!F42+'วันที่ 21'!F42+'วันที่ 22'!F42+'วันที่ 23'!F42+'วันที่ 24'!F42+'วันที่ 25'!F42+'วันที่ 26'!F42+'วันที่ 27'!F42+'วันที่ 28'!F42+'วันที่ 29'!F42+'วันที่ 30'!F42+'วันที่ 31'!F42 -> 0 | E43: ='วันที่ 1'!G43+'วันที่ 2 '!G42+'วันที่ 3'!G42+'วันที่ 4'!G42+'วันที่ 5'!G42+'วันที่ 6'!G42+'วันที่ 7'!G42+'วันที่ 8'!G42+'วันที่ 9'!G42+'วันที่ 10'!G42+'วันที่11'!G42+'วันที่12'!G42+'วันที่13'!G43+'วันที่ 14'!G42+'วันที่ 15'!G42+'วันที่ 16'!G42+'วันที่ 17'!G42+'วันที่ 18'!G42+'วันที่ 19'!G42+'วันที่ 20'!G42+'วันที่ 21'!G42+'วันที่ 22'!G42+'วันที่ 23'!G42+'วันที่ 24'!G42+'วันที่ 25'!G42+'วันที่ 26'!G42+'วันที่ 27'!G42+'วันที่ 28'!G42+'วันที่ 29'!G42+'วันที่ 30'!G42+'วันที่ 31'!G42 -> 0 | F43: ='วันที่ 31'!K42 -> 0
A44: 1000211 | B44: ผงปาปริก้า สูตรปาปริก้า 200 กรัม*ถุง | C44: ='วันที่ 1'!E44+'วันที่ 2 '!E43+'วันที่ 3'!E43+'วันที่ 4'!E43+'วันที่ 5'!E43+'วันที่ 6'!E43+'วันที่ 7'!E43+'วันที่ 8'!E43+'วันที่ 9'!E43+'วันที่ 10'!E43+'วันที่11'!E43+'วันที่12'!E43+'วันที่13'!E44+'วันที่ 14'!E43+'วันที่ 15'!E43+'วันที่ 16'!E43+'วันที่ 17'!E43+'วันที่ 18'!E43+'วันที่ 19'!E43+'วันที่ 20'!E43+'วันที่ 21'!E43+'วันที่ 22'!E43+'วันที่ 23'!E43+'วันที่ 24'!E43+'วันที่ 25'!E43+'วันที่ 26'!E43+'วันที่ 27'!E43+'วันที่ 28'!E43+'วันที่ 29'!E43+'วันที่ 30'!E43+'วันที่ 31'!E43 -> 0 | D44: ='วันที่ 1'!F44+'วันที่ 2 '!F43+'วันที่ 3'!F43+'วันที่ 4'!F43+'วันที่ 5'!F43+'วันที่ 6'!F43+'วันที่ 7'!F43+'วันที่ 8'!F43+'วันที่ 9'!F43+'วันที่ 10'!F43+'วันที่11'!F43+'วันที่12'!F43+'วันที่13'!F44+'วันที่ 14'!F43+'วันที่ 15'!F43+'วันที่ 16'!F43+'วันที่ 17'!F43+'วันที่ 18'!F43+'วันที่ 19'!F43+'วันที่ 20'!F43+'วันที่ 21'!F43+'วันที่ 22'!F43+'วันที่ 23'!F43+'วันที่ 24'!F43+'วันที่ 25'!F43+'วันที่ 26'!F43+'วันที่ 27'!F43+'วันที่ 28'!F43+'วันที่ 29'!F43+'วันที่ 30'!F43+'วันที่ 31'!F43 -> 0 | E44: ='วันที่ 1'!G44+'วันที่ 2 '!G43+'วันที่ 3'!G43+'วันที่ 4'!G43+'วันที่ 5'!G43+'วันที่ 6'!G43+'วันที่ 7'!G43+'วันที่ 8'!G43+'วันที่ 9'!G43+'วันที่ 10'!G43+'วันที่11'!G43+'วันที่12'!G43+'วันที่13'!G44+'วันที่ 14'!G43+'วันที่ 15'!G43+'วันที่ 16'!G43+'วันที่ 17'!G43+'วันที่ 18'!G43+'วันที่ 19'!G43+'วันที่ 20'!G43+'วันที่ 21'!G43+'วันที่ 22'!G43+'วันที่ 23'!G43+'วันที่ 24'!G43+'วันที่ 25'!G43+'วันที่ 26'!G43+'วันที่ 27'!G43+'วันที่ 28'!G43+'วันที่ 29'!G43+'วันที่ 30'!G43+'วันที่ 31'!G43 -> 0 | F44: ='วันที่ 31'!K43 -> 1
A45: 1050007 | B45: น้ำตาลกรวด ตราไร่ทิพย์ 500กรัม | C45: ='วันที่ 1'!E45+'วันที่ 2 '!E44+'วันที่ 3'!E44+'วันที่ 4'!E44+'วันที่ 5'!E44+'วันที่ 6'!E44+'วันที่ 7'!E44+'วันที่ 8'!E44+'วันที่ 9'!E44+'วันที่ 10'!E44+'วันที่11'!E44+'วันที่12'!E44+'วันที่13'!E45+'วันที่ 14'!E44+'วันที่ 15'!E44+'วันที่ 16'!E44+'วันที่ 17'!E44+'วันที่ 18'!E44+'วันที่ 19'!E44+'วันที่ 20'!E44+'วันที่ 21'!E44+'วันที่ 22'!E44+'วันที่ 23'!E44+'วันที่ 24'!E44+'วันที่ 25'!E44+'วันที่ 26'!E44+'วันที่ 27'!E44+'วันที่ 28'!E44+'วันที่ 29'!E44+'วันที่ 30'!E44+'วันที่ 31'!E44 -> 0 | D45: ='วันที่ 1'!F45+'วันที่ 2 '!F44+'วันที่ 3'!F44+'วันที่ 4'!F44+'วันที่ 5'!F44+'วันที่ 6'!F44+'วันที่ 7'!F44+'วันที่ 8'!F44+'วันที่ 9'!F44+'วันที่ 10'!F44+'วันที่11'!F44+'วันที่12'!F44+'วันที่13'!F45+'วันที่ 14'!F44+'วันที่ 15'!F44+'วันที่ 16'!F44+'วันที่ 17'!F44+'วันที่ 18'!F44+'วันที่ 19'!F44+'วันที่ 20'!F44+'วันที่ 21'!F44+'วันที่ 22'!F44+'วันที่ 23'!F44+'วันที่ 24'!F44+'วันที่ 25'!F44+'วันที่ 26'!F44+'วันที่ 27'!F44+'วันที่ 28'!F44+'วันที่ 29'!F44+'วันที่ 30'!F44+'วันที่ 31'!F44 -> 0 | E45: ='วันที่ 1'!G45+'วันที่ 2 '!G44+'วันที่ 3'!G44+'วันที่ 4'!G44+'วันที่ 5'!G44+'วันที่ 6'!G44+'วันที่ 7'!G44+'วันที่ 8'!G44+'วันที่ 9'!G44+'วันที่ 10'!G44+'วันที่11'!G44+'วันที่12'!G44+'วันที่13'!G45+'วันที่ 14'!G44+'วันที่ 15'!G44+'วันที่ 16'!G44+'วันที่ 17'!G44+'วันที่ 18'!G44+'วันที่ 19'!G44+'วันที่ 20'!G44+'วันที่ 21'!G44+'วันที่ 22'!G44+'วันที่ 23'!G44+'วันที่ 24'!G44+'วันที่ 25'!G44+'วันที่ 26'!G44+'วันที่ 27'!G44+'วันที่ 28'!G44+'วันที่ 29'!G44+'วันที่ 30'!G44+'วันที่ 31'!G44 -> 0 | F45: ='วันที่ 31'!K44 -> 3
A46: 1400036 | B46: แพคติน 500 กรัม | C46: ='วันที่ 1'!E46+'วันที่ 2 '!E45+'วันที่ 3'!E45+'วันที่ 4'!E45+'วันที่ 5'!E45+'วันที่ 6'!E45+'วันที่ 7'!E45+'วันที่ 8'!E45+'วันที่ 9'!E45+'วันที่ 10'!E45+'วันที่11'!E45+'วันที่12'!E45+'วันที่13'!E46+'วันที่ 14'!E45+'วันที่ 15'!E45+'วันที่ 16'!E45+'วันที่ 17'!E45+'วันที่ 18'!E45+'วันที่ 19'!E45+'วันที่ 20'!E45+'วันที่ 21'!E45+'วันที่ 22'!E45+'วันที่ 23'!E45+'วันที่ 24'!E45+'วันที่ 25'!E45+'วันที่ 26'!E45+'วันที่ 27'!E45+'วันที่ 28'!E45+'วันที่ 29'!E45+'วันที่ 30'!E45+'วันที่ 31'!E45 -> 0 | D46: ='วันที่ 1'!F46+'วันที่ 2 '!F45+'วันที่ 3'!F45+'วันที่ 4'!F45+'วันที่ 5'!F45+'วันที่ 6'!F45+'วันที่ 7'!F45+'วันที่ 8'!F45+'วันที่ 9'!F45+'วันที่ 10'!F45+'วันที่11'!F45+'วันที่12'!F45+'วันที่13'!F46+'วันที่ 14'!F45+'วันที่ 15'!F45+'วันที่ 16'!F45+'วันที่ 17'!F45+'วันที่ 18'!F45+'วันที่ 19'!F45+'วันที่ 20'!F45+'วันที่ 21'!F45+'วันที่ 22'!F45+'วันที่ 23'!F45+'วันที่ 24'!F45+'วันที่ 25'!F45+'วันที่ 26'!F45+'วันที่ 27'!F45+'วันที่ 28'!F45+'วันที่ 29'!F45+'วันที่ 30'!F45+'วันที่ 31'!F45 -> 0 | E46: ='วันที่ 1'!G46+'วันที่ 2 '!G45+'วันที่ 3'!G45+'วันที่ 4'!G45+'วันที่ 5'!G45+'วันที่ 6'!G45+'วันที่ 7'!G45+'วันที่ 8'!G45+'วันที่ 9'!G45+'วันที่ 10'!G45+'วันที่11'!G45+'วันที่12'!G45+'วันที่13'!G46+'วันที่ 14'!G45+'วันที่ 15'!G45+'วันที่ 16'!G45+'วันที่ 17'!G45+'วันที่ 18'!G45+'วันที่ 19'!G45+'วันที่ 20'!G45+'วันที่ 21'!G45+'วันที่ 22'!G45+'วันที่ 23'!G45+'วันที่ 24'!G45+'วันที่ 25'!G45+'วันที่ 26'!G45+'วันที่ 27'!G45+'วันที่ 28'!G45+'วันที่ 29'!G45+'วันที่ 30'!G45+'วันที่ 31'!G45 -> 0 | F46: ='วันที่ 31'!K45 -> 3
A47: 1000209 | B47: คิคโคแมน ซอสถั่วเหลือง 3 ล. | C47: ='วันที่ 1'!E47+'วันที่ 2 '!E46+'วันที่ 3'!E46+'วันที่ 4'!E46+'วันที่ 5'!E46+'วันที่ 6'!E46+'วันที่ 7'!E46+'วันที่ 8'!E46+'วันที่ 9'!E46+'วันที่ 10'!E46+'วันที่11'!E46+'วันที่12'!E46+'วันที่13'!E47+'วันที่ 14'!E46+'วันที่ 15'!E46+'วันที่ 16'!E46+'วันที่ 17'!E46+'วันที่ 18'!E46+'วันที่ 19'!E46+'วันที่ 20'!E46+'วันที่ 21'!E46+'วันที่ 22'!E46+'วันที่ 23'!E46+'วันที่ 24'!E46+'วันที่ 25'!E46+'วันที่ 26'!E46+'วันที่ 27'!E46+'วันที่ 28'!E46+'วันที่ 29'!E46+'วันที่ 30'!E46+'วันที่ 31'!E46 -> 0 | D47: ='วันที่ 1'!F47+'วันที่ 2 '!F46+'วันที่ 3'!F46+'วันที่ 4'!F46+'วันที่ 5'!F46+'วันที่ 6'!F46+'วันที่ 7'!F46+'วันที่ 8'!F46+'วันที่ 9'!F46+'วันที่ 10'!F46+'วันที่11'!F46+'วันที่12'!F46+'วันที่13'!F47+'วันที่ 14'!F46+'วันที่ 15'!F46+'วันที่ 16'!F46+'วันที่ 17'!F46+'วันที่ 18'!F46+'วันที่ 19'!F46+'วันที่ 20'!F46+'วันที่ 21'!F46+'วันที่ 22'!F46+'วันที่ 23'!F46+'วันที่ 24'!F46+'วันที่ 25'!F46+'วันที่ 26'!F46+'วันที่ 27'!F46+'วันที่ 28'!F46+'วันที่ 29'!F46+'วันที่ 30'!F46+'วันที่ 31'!F46 -> 0 | E47: ='วันที่ 1'!G47+'วันที่ 2 '!G46+'วันที่ 3'!G46+'วันที่ 4'!G46+'วันที่ 5'!G46+'วันที่ 6'!G46+'วันที่ 7'!G46+'วันที่ 8'!G46+'วันที่ 9'!G46+'วันที่ 10'!G46+'วันที่11'!G46+'วันที่12'!G46+'วันที่13'!G47+'วันที่ 14'!G46+'วันที่ 15'!G46+'วันที่ 16'!G46+'วันที่ 17'!G46+'วันที่ 18'!G46+'วันที่ 19'!G46+'วันที่ 20'!G46+'วันที่ 21'!G46+'วันที่ 22'!G46+'วันที่ 23'!G46+'วันที่ 24'!G46+'วันที่ 25'!G46+'วันที่ 26'!G46+'วันที่ 27'!G46+'วันที่ 28'!G46+'วันที่ 29'!G46+'วันที่ 30'!G46+'วันที่ 31'!G46 -> 0 | F47: ='วันที่ 31'!K46 -> 2
A48: 1000181 | B48: ซอส โกชูจัง แฮชานเดิล ซอสพริกเกาหลี 1 กก | C48: ='วันที่ 1'!E48+'วันที่ 2 '!E47+'วันที่ 3'!E47+'วันที่ 4'!E47+'วันที่ 5'!E47+'วันที่ 6'!E47+'วันที่ 7'!E47+'วันที่ 8'!E47+'วันที่ 9'!E47+'วันที่ 10'!E47+'วันที่11'!E47+'วันที่12'!E47+'วันที่13'!E48+'วันที่ 14'!E47+'วันที่ 15'!E47+'วันที่ 16'!E47+'วันที่ 17'!E47+'วันที่ 18'!E47+'วันที่ 19'!E47+'วันที่ 20'!E47+'วันที่ 21'!E47+'วันที่ 22'!E47+'วันที่ 23'!E47+'วันที่ 24'!E47+'วันที่ 25'!E47+'วันที่ 26'!E47+'วันที่ 27'!E47+'วันที่ 28'!E47+'วันที่ 29'!E47+'วันที่ 30'!E47+'วันที่ 31'!E47 -> 0 | D48: ='วันที่ 1'!F48+'วันที่ 2 '!F47+'วันที่ 3'!F47+'วันที่ 4'!F47+'วันที่ 5'!F47+'วันที่ 6'!F47+'วันที่ 7'!F47+'วันที่ 8'!F47+'วันที่ 9'!F47+'วันที่ 10'!F47+'วันที่11'!F47+'วันที่12'!F47+'วันที่13'!F48+'วันที่ 14'!F47+'วันที่ 15'!F47+'วันที่ 16'!F47+'วันที่ 17'!F47+'วันที่ 18'!F47+'วันที่ 19'!F47+'วันที่ 20'!F47+'วันที่ 21'!F47+'วันที่ 22'!F47+'วันที่ 23'!F47+'วันที่ 24'!F47+'วันที่ 25'!F47+'วันที่ 26'!F47+'วันที่ 27'!F47+'วันที่ 28'!F47+'วันที่ 29'!F47+'วันที่ 30'!F47+'วันที่ 31'!F47 -> 0 | E48: ='วันที่ 1'!G48+'วันที่ 2 '!G47+'วันที่ 3'!G47+'วันที่ 4'!G47+'วันที่ 5'!G47+'วันที่ 6'!G47+'วันที่ 7'!G47+'วันที่ 8'!G47+'วันที่ 9'!G47+'วันที่ 10'!G47+'วันที่11'!G47+'วันที่12'!G47+'วันที่13'!G48+'วันที่ 14'!G47+'วันที่ 15'!G47+'วันที่ 16'!G47+'วันที่ 17'!G47+'วันที่ 18'!G47+'วันที่ 19'!G47+'วันที่ 20'!G47+'วันที่ 21'!G47+'วันที่ 22'!G47+'วันที่ 23'!G47+'วันที่ 24'!G47+'วันที่ 25'!G47+'วันที่ 26'!G47+'วันที่ 27'!G47+'วันที่ 28'!G47+'วันที่ 29'!G47+'วันที่ 30'!G47+'วันที่ 31'!G47 -> 0 | F48: ='วันที่ 31'!K47 -> 3
... A102: 1390041 | B102: เส้นหมี่ขาว 2700 กรัม*แพ็ค | C102: ='วันที่ 1'!E102+'วันที่ 2 '!E101+'วันที่ 3'!E101+'วันที่ 4'!E101+'วันที่ 5'!E101+'วันที่ 6'!E101+'วันที่ 7'!E101+'วันที่ 8'!E101+'วันที่ 9'!E101+'วันที่ 10'!E101+'วันที่11'!E101+'วันที่12'!E101+'วันที่13'!E102+'วันที่ 14'!E101+'วันที่ 15'!E101+'วันที่ 16'!E101+'วันที่ 17'!E101+'วันที่ 18'!E101+'วันที่ 19'!E101+'วันที่ 20'!E101+'วันที่ 21'!E101+'วันที่ 22'!E101+'วันที่ 23'!E101+'วันที่ 24'!E101+'วันที่ 25'!E101+'วันที่ 26'!E101+'วันที่ 27'!E101+'วันที่ 28'!E101+'วันที่ 29'!E101+'วันที่ 30'!E101+'วันที่ 31'!E101 -> 0 | D102: ='วันที่ 1'!F102+'วันที่ 2 '!F101+'วันที่ 3'!F101+'วันที่ 4'!F101+'วันที่ 5'!F101+'วันที่ 6'!F101+'วันที่ 7'!F101+'วันที่ 8'!F101+'วันที่ 9'!F101+'วันที่ 10'!F101+'วันที่11'!F101+'วันที่12'!F101+'วันที่13'!F102+'วันที่ 14'!F101+'วันที่ 15'!F101+'วันที่ 16'!F101+'วันที่ 17'!F101+'วันที่ 18'!F101+'วันที่ 19'!F101+'วันที่ 20'!F101+'วันที่ 21'!F101+'วันที่ 22'!F101+'วันที่ 23'!F101+'วันที่ 24'!F101+'วันที่ 25'!F101+'วันที่ 26'!F101+'วันที่ 27'!F101+'วันที่ 28'!F101+'วันที่ 29'!F101+'วันที่ 30'!F101+'วันที่ 31'!F101 -> 0 | E102: ='วันที่ 1'!G102+'วันที่ 2 '!G101+'วันที่ 3'!G101+'วันที่ 4'!G101+'วันที่ 5'!G101+'วันที่ 6'!G101+'วันที่ 7'!G101+'วันที่ 8'!G101+'วันที่ 9'!G101+'วันที่ 10'!G101+'วันที่11'!G101+'วันที่12'!G101+'วันที่13'!G102+'วันที่ 14'!G101+'วันที่ 15'!G101+'วันที่ 16'!G101+'วันที่ 17'!G101+'วันที่ 18'!G101+'วันที่ 19'!G101+'วันที่ 20'!G101+'วันที่ 21'!G101+'วันที่ 22'!G101+'วันที่ 23'!G101+'วันที่ 24'!G101+'วันที่ 25'!G101+'วันที่ 26'!G101+'วันที่ 27'!G101+'วันที่ 28'!G101+'วันที่ 29'!G101+'วันที่ 30'!G101+'วันที่ 31'!G101 -> 0 | F102: ='วันที่ 31'!K101 -> 1
A103: 1390057 | B103: พาสต้า เฟตตูชินีไข่ 1กก. ขั้นต่ำ5ถุง | C103: ='วันที่ 1'!E103+'วันที่ 2 '!E102+'วันที่ 3'!E102+'วันที่ 4'!E102+'วันที่ 5'!E102+'วันที่ 6'!E102+'วันที่ 7'!E102+'วันที่ 8'!E102+'วันที่ 9'!E102+'วันที่ 10'!E102+'วันที่11'!E102+'วันที่12'!E102+'วันที่13'!E103+'วันที่ 14'!E102+'วันที่ 15'!E102+'วันที่ 16'!E102+'วันที่ 17'!E102+'วันที่ 18'!E102+'วันที่ 19'!E102+'วันที่ 20'!E102+'วันที่ 21'!E102+'วันที่ 22'!E102+'วันที่ 23'!E102+'วันที่ 24'!E102+'วันที่ 25'!E102+'วันที่ 26'!E102+'วันที่ 27'!E102+'วันที่ 28'!E102+'วันที่ 29'!E102+'วันที่ 30'!E102+'วันที่ 31'!E102 -> 0 | D103: ='วันที่ 1'!F103+'วันที่ 2 '!F102+'วันที่ 3'!F102+'วันที่ 4'!F102+'วันที่ 5'!F102+'วันที่ 6'!F102+'วันที่ 7'!F102+'วันที่ 8'!F102+'วันที่ 9'!F102+'วันที่ 10'!F102+'วันที่11'!F102+'วันที่12'!F102+'วันที่13'!F103+'วันที่ 14'!F102+'วันที่ 15'!F102+'วันที่ 16'!F102+'วันที่ 17'!F102+'วันที่ 18'!F102+'วันที่ 19'!F102+'วันที่ 20'!F102+'วันที่ 21'!F102+'วันที่ 22'!F102+'วันที่ 23'!F102+'วันที่ 24'!F102+'วันที่ 25'!F102+'วันที่ 26'!F102+'วันที่ 27'!F102+'วันที่ 28'!F102+'วันที่ 29'!F102+'วันที่ 30'!F102+'วันที่ 31'!F102 -> 0 | E103: ='วันที่ 1'!G103+'วันที่ 2 '!G102+'วันที่ 3'!G102+'วันที่ 4'!G102+'วันที่ 5'!G102+'วันที่ 6'!G102+'วันที่ 7'!G102+'วันที่ 8'!G102+'วันที่ 9'!G102+'วันที่ 10'!G102+'วันที่11'!G102+'วันที่12'!G102+'วันที่13'!G103+'วันที่ 14'!G102+'วันที่ 15'!G102+'วันที่ 16'!G102+'วันที่ 17'!G102+'วันที่ 18'!G102+'วันที่ 19'!G102+'วันที่ 20'!G102+'วันที่ 21'!G102+'วันที่ 22'!G102+'วันที่ 23'!G102+'วันที่ 24'!G102+'วันที่ 25'!G102+'วันที่ 26'!G102+'วันที่ 27'!G102+'วันที่ 28'!G102+'วันที่ 29'!G102+'วันที่ 30'!G102+'วันที่ 31'!G102 -> 0 | F103: ='วันที่ 31'!K102 -> 2 | G103: รวมได้
A104: 1390080 | B104: พาสต้าริกาโตเน่ไข่ 1กก.*แพ็ค ขั้นต่ำ5ถุง | C104: ='วันที่ 1'!E104+'วันที่ 2 '!E103+'วันที่ 3'!E103+'วันที่ 4'!E103+'วันที่ 5'!E103+'วันที่ 6'!E103+'วันที่ 7'!E103+'วันที่ 8'!E103+'วันที่ 9'!E103+'วันที่ 10'!E103+'วันที่11'!E103+'วันที่12'!E103+'วันที่13'!E104+'วันที่ 14'!E103+'วันที่ 15'!E103+'วันที่ 16'!E103+'วันที่ 17'!E103+'วันที่ 18'!E103+'วันที่ 19'!E103+'วันที่ 20'!E103+'วันที่ 21'!E103+'วันที่ 22'!E103+'วันที่ 23'!E103+'วันที่ 24'!E103+'วันที่ 25'!E103+'วันที่ 26'!E103+'วันที่ 27'!E103+'วันที่ 28'!E103+'วันที่ 29'!E103+'วันที่ 30'!E103+'วันที่ 31'!E103 -> 0 | D104: ='วันที่ 1'!F104+'วันที่ 2 '!F103+'วันที่ 3'!F103+'วันที่ 4'!F103+'วันที่ 5'!F103+'วันที่ 6'!F103+'วันที่ 7'!F103+'วันที่ 8'!F103+'วันที่ 9'!F103+'วันที่ 10'!F103+'วันที่11'!F103+'วันที่12'!F103+'วันที่13'!F104+'วันที่ 14'!F103+'วันที่ 15'!F103+'วันที่ 16'!F103+'วันที่ 17'!F103+'วันที่ 18'!F103+'วันที่ 19'!F103+'วันที่ 20'!F103+'วันที่ 21'!F103+'วันที่ 22'!F103+'วันที่ 23'!F103+'วันที่ 24'!F103+'วันที่ 25'!F103+'วันที่ 26'!F103+'วันที่ 27'!F103+'วันที่ 28'!F103+'วันที่ 29'!F103+'วันที่ 30'!F103+'วันที่ 31'!F103 -> 0 | E104: ='วันที่ 1'!G104+'วันที่ 2 '!G103+'วันที่ 3'!G103+'วันที่ 4'!G103+'วันที่ 5'!G103+'วันที่ 6'!G103+'วันที่ 7'!G103+'วันที่ 8'!G103+'วันที่ 9'!G103+'วันที่ 10'!G103+'วันที่11'!G103+'วันที่12'!G103+'วันที่13'!G104+'วันที่ 14'!G103+'วันที่ 15'!G103+'วันที่ 16'!G103+'วันที่ 17'!G103+'วันที่ 18'!G103+'วันที่ 19'!G103+'วันที่ 20'!G103+'วันที่ 21'!G103+'วันที่ 22'!G103+'วันที่ 23'!G103+'วันที่ 24'!G103+'วันที่ 25'!G103+'วันที่ 26'!G103+'วันที่ 27'!G103+'วันที่ 28'!G103+'วันที่ 29'!G103+'วันที่ 30'!G103+'วันที่ 31'!G103 -> 0 | F104: ='วันที่ 31'!K103 -> 3 | G104: รวมได้
A105: 1390047 | B105: มักกะโรนีข้องอ 1 กก. ขั้นต่ำ5ถุง | C105: ='วันที่ 1'!E105+'วันที่ 2 '!E104+'วันที่ 3'!E104+'วันที่ 4'!E104+'วันที่ 5'!E104+'วันที่ 6'!E104+'วันที่ 7'!E104+'วันที่ 8'!E104+'วันที่ 9'!E104+'วันที่ 10'!E104+'วันที่11'!E104+'วันที่12'!E104+'วันที่13'!E105+'วันที่ 14'!E104+'วันที่ 15'!E104+'วันที่ 16'!E104+'วันที่ 17'!E104+'วันที่ 18'!E104+'วันที่ 19'!E104+'วันที่ 20'!E104+'วันที่ 21'!E104+'วันที่ 22'!E104+'วันที่ 23'!E104+'วันที่ 24'!E104+'วันที่ 25'!E104+'วันที่ 26'!E104+'วันที่ 27'!E104+'วันที่ 28'!E104+'วันที่ 29'!E104+'วันที่ 30'!E104+'วันที่ 31'!E104 -> 0 | D105: ='วันที่ 1'!F105+'วันที่ 2 '!F104+'วันที่ 3'!F104+'วันที่ 4'!F104+'วันที่ 5'!F104+'วันที่ 6'!F104+'วันที่ 7'!F104+'วันที่ 8'!F104+'วันที่ 9'!F104+'วันที่ 10'!F104+'วันที่11'!F104+'วันที่12'!F104+'วันที่13'!F105+'วันที่ 14'!F104+'วันที่ 15'!F104+'วันที่ 16'!F104+'วันที่ 17'!F104+'วันที่ 18'!F104+'วันที่ 19'!F104+'วันที่ 20'!F104+'วันที่ 21'!F104+'วันที่ 22'!F104+'วันที่ 23'!F104+'วันที่ 24'!F104+'วันที่ 25'!F104+'วันที่ 26'!F104+'วันที่ 27'!F104+'วันที่ 28'!F104+'วันที่ 29'!F104+'วันที่ 30'!F104+'วันที่ 31'!F104 -> 0 | E105: ='วันที่ 1'!G105+'วันที่ 2 '!G104+'วันที่ 3'!G104+'วันที่ 4'!G104+'วันที่ 5'!G104+'วันที่ 6'!G104+'วันที่ 7'!G104+'วันที่ 8'!G104+'วันที่ 9'!G104+'วันที่ 10'!G104+'วันที่11'!G104+'วันที่12'!G104+'วันที่13'!G105+'วันที่ 14'!G104+'วันที่ 15'!G104+'วันที่ 16'!G104+'วันที่ 17'!G104+'วันที่ 18'!G104+'วันที่ 19'!G104+'วันที่ 20'!G104+'วันที่ 21'!G104+'วันที่ 22'!G104+'วันที่ 23'!G104+'วันที่ 24'!G104+'วันที่ 25'!G104+'วันที่ 26'!G104+'วันที่ 27'!G104+'วันที่ 28'!G104+'วันที่ 29'!G104+'วันที่ 30'!G104+'วันที่ 31'!G104 -> 1 | F105: ='วันที่ 31'!K104 -> 3 | G105: รวมได้
A106: 1080014 | B106: งาขาว500กรัม | C106: ='วันที่ 1'!E106+'วันที่ 2 '!E105+'วันที่ 3'!E105+'วันที่ 4'!E105+'วันที่ 5'!E105+'วันที่ 6'!E105+'วันที่ 7'!E105+'วันที่ 8'!E105+'วันที่ 9'!E105+'วันที่ 10'!E105+'วันที่11'!E105+'วันที่12'!E105+'วันที่13'!E106+'วันที่ 14'!E105+'วันที่ 15'!E105+'วันที่ 16'!E105+'วันที่ 17'!E105+'วันที่ 18'!E105+'วันที่ 19'!E105+'วันที่ 20'!E105+'วันที่ 21'!E105+'วันที่ 22'!E105+'วันที่ 23'!E105+'วันที่ 24'!E105+'วันที่ 25'!E105+'วันที่ 26'!E105+'วันที่ 27'!E105+'วันที่ 28'!E105+'วันที่ 29'!E105+'วันที่ 30'!E105+'วันที่ 31'!E105 -> 0 | D106: ='วันที่ 1'!F106+'วันที่ 2 '!F105+'วันที่ 3'!F105+'วันที่ 4'!F105+'วันที่ 5'!F105+'วันที่ 6'!F105+'วันที่ 7'!F105+'วันที่ 8'!F105+'วันที่ 9'!F105+'วันที่ 10'!F105+'วันที่11'!F105+'วันที่12'!F105+'วันที่13'!F106+'วันที่ 14'!F105+'วันที่ 15'!F105+'วันที่ 16'!F105+'วันที่ 17'!F105+'วันที่ 18'!F105+'วันที่ 19'!F105+'วันที่ 20'!F105+'วันที่ 21'!F105+'วันที่ 22'!F105+'วันที่ 23'!F105+'วันที่ 24'!F105+'วันที่ 25'!F105+'วันที่ 26'!F105+'วันที่ 27'!F105+'วันที่ 28'!F105+'วันที่ 29'!F105+'วันที่ 30'!F105+'วันที่ 31'!F105 -> 0 | E106: ='วันที่ 1'!G106+'วันที่ 2 '!G105+'วันที่ 3'!G105+'วันที่ 4'!G105+'วันที่ 5'!G105+'วันที่ 6'!G105+'วันที่ 7'!G105+'วันที่ 8'!G105+'วันที่ 9'!G105+'วันที่ 10'!G105+'วันที่11'!G105+'วันที่12'!G105+'วันที่13'!G106+'วันที่ 14'!G105+'วันที่ 15'!G105+'วันที่ 16'!G105+'วันที่ 17'!G105+'วันที่ 18'!G105+'วันที่ 19'!G105+'วันที่ 20'!G105+'วันที่ 21'!G105+'วันที่ 22'!G105+'วันที่ 23'!G105+'วันที่ 24'!G105+'วันที่ 25'!G105+'วันที่ 26'!G105+'วันที่ 27'!G105+'วันที่ 28'!G105+'วันที่ 29'!G105+'วันที่ 30'!G105+'วันที่ 31'!G105 -> 0 | F106: ='วันที่ 31'!K105 -> 0
A107: 1080015 | B107: งาดำ500กรัม | C107: ='วันที่ 1'!E107+'วันที่ 2 '!E106+'วันที่ 3'!E106+'วันที่ 4'!E106+'วันที่ 5'!E106+'วันที่ 6'!E106+'วันที่ 7'!E106+'วันที่ 8'!E106+'วันที่ 9'!E106+'วันที่ 10'!E106+'วันที่11'!E106+'วันที่12'!E106+'วันที่13'!E107+'วันที่ 14'!E106+'วันที่ 15'!E106+'วันที่ 16'!E106+'วันที่ 17'!E106+'วันที่ 18'!E106+'วันที่ 19'!E106+'วันที่ 20'!E106+'วันที่ 21'!E106+'วันที่ 22'!E106+'วันที่ 23'!E106+'วันที่ 24'!E106+'วันที่ 25'!E106+'วันที่ 26'!E106+'วันที่ 27'!E106+'วันที่ 28'!E106+'วันที่ 29'!E106+'วันที่ 30'!E106+'วันที่ 31'!E106 -> 0 | D107: ='วันที่ 1'!F107+'วันที่ 2 '!F106+'วันที่ 3'!F106+'วันที่ 4'!F106+'วันที่ 5'!F106+'วันที่ 6'!F106+'วันที่ 7'!F106+'วันที่ 8'!F106+'วันที่ 9'!F106+'วันที่ 10'!F106+'วันที่11'!F106+'วันที่12'!F106+'วันที่13'!F107+'วันที่ 14'!F106+'วันที่ 15'!F106+'วันที่ 16'!F106+'วันที่ 17'!F106+'วันที่ 18'!F106+'วันที่ 19'!F106+'วันที่ 20'!F106+'วันที่ 21'!F106+'วันที่ 22'!F106+'วันที่ 23'!F106+'วันที่ 24'!F106+'วันที่ 25'!F106+'วันที่ 26'!F106+'วันที่ 27'!F106+'วันที่ 28'!F106+'วันที่ 29'!F106+'วันที่ 30'!F106+'วันที่ 31'!F106 -> 0 | E107: ='วันที่ 1'!G107+'วันที่ 2 '!G106+'วันที่ 3'!G106+'วันที่ 4'!G106+'วันที่ 5'!G106+'วันที่ 6'!G106+'วันที่ 7'!G106+'วันที่ 8'!G106+'วันที่ 9'!G106+'วันที่ 10'!G106+'วันที่11'!G106+'วันที่12'!G106+'วันที่13'!G107+'วันที่ 14'!G106+'วันที่ 15'!G106+'วันที่ 16'!G106+'วันที่ 17'!G106+'วันที่ 18'!G106+'วันที่ 19'!G106+'วันที่ 20'!G106+'วันที่ 21'!G106+'วันที่ 22'!G106+'วันที่ 23'!G106+'วันที่ 24'!G106+'วันที่ 25'!G106+'วันที่ 26'!G106+'วันที่ 27'!G106+'วันที่ 28'!G106+'วันที่ 29'!G106+'วันที่ 30'!G106+'วันที่ 31'!G106 -> 0 | F107: ='วันที่ 31'!K106 -> 2
A108: 1200061 | B108: ข้าวคั่ว 500 กรัม | C108: ='วันที่ 1'!E108+'วันที่ 2 '!E107+'วันที่ 3'!E107+'วันที่ 4'!E107+'วันที่ 5'!E107+'วันที่ 6'!E107+'วันที่ 7'!E107+'วันที่ 8'!E107+'วันที่ 9'!E107+'วันที่ 10'!E107+'วันที่11'!E107+'วันที่12'!E107+'วันที่13'!E108+'วันที่ 14'!E107+'วันที่ 15'!E107+'วันที่ 16'!E107+'วันที่ 17'!E107+'วันที่ 18'!E107+'วันที่ 19'!E107+'วันที่ 20'!E107+'วันที่ 21'!E107+'วันที่ 22'!E107+'วันที่ 23'!E107+'วันที่ 24'!E107+'วันที่ 25'!E107+'วันที่ 26'!E107+'วันที่ 27'!E107+'วันที่ 28'!E107+'วันที่ 29'!E107+'วันที่ 30'!E107+'วันที่ 31'!E107 -> 0 | D108: ='วันที่ 1'!F108+'วันที่ 2 '!F107+'วันที่ 3'!F107+'วันที่ 4'!F107+'วันที่ 5'!F107+'วันที่ 6'!F107+'วันที่ 7'!F107+'วันที่ 8'!F107+'วันที่ 9'!F107+'วันที่ 10'!F107+'วันที่11'!F107+'วันที่12'!F107+'วันที่13'!F108+'วันที่ 14'!F107+'วันที่ 15'!F107+'วันที่ 16'!F107+'วันที่ 17'!F107+'วันที่ 18'!F107+'วันที่ 19'!F107+'วันที่ 20'!F107+'วันที่ 21'!F107+'วันที่ 22'!F107+'วันที่ 23'!F107+'วันที่ 24'!F107+'วันที่ 25'!F107+'วันที่ 26'!F107+'วันที่ 27'!F107+'วันที่ 28'!F107+'วันที่ 29'!F107+'วันที่ 30'!F107+'วันที่ 31'!F107 -> 0 | E108: ='วันที่ 1'!G108+'วันที่ 2 '!G107+'วันที่ 3'!G107+'วันที่ 4'!G107+'วันที่ 5'!G107+'วันที่ 6'!G107+'วันที่ 7'!G107+'วันที่ 8'!G107+'วันที่ 9'!G107+'วันที่ 10'!G107+'วันที่11'!G107+'วันที่12'!G107+'วันที่13'!G108+'วันที่ 14'!G107+'วันที่ 15'!G107+'วันที่ 16'!G107+'วันที่ 17'!G107+'วันที่ 18'!G107+'วันที่ 19'!G107+'วันที่ 20'!G107+'วันที่ 21'!G107+'วันที่ 22'!G107+'วันที่ 23'!G107+'วันที่ 24'!G107+'วันที่ 25'!G107+'วันที่ 26'!G107+'วันที่ 27'!G107+'วันที่ 28'!G107+'วันที่ 29'!G107+'วันที่ 30'!G107+'วันที่ 31'!G107 -> 0 | F108: ='วันที่ 31'!K107 -> 2
A109: 1080018 | B109: พริกป่น (ถุง 500 กรัม) | C109: ='วันที่ 1'!E109+'วันที่ 2 '!E108+'วันที่ 3'!E108+'วันที่ 4'!E108+'วันที่ 5'!E108+'วันที่ 6'!E108+'วันที่ 7'!E108+'วันที่ 8'!E108+'วันที่ 9'!E108+'วันที่ 10'!E108+'วันที่11'!E108+'วันที่12'!E108+'วันที่13'!E109+'วันที่ 14'!E108+'วันที่ 15'!E108+'วันที่ 16'!E108+'วันที่ 17'!E108+'วันที่ 18'!E108+'วันที่ 19'!E108+'วันที่ 20'!E108+'วันที่ 21'!E108+'วันที่ 22'!E108+'วันที่ 23'!E108+'วันที่ 24'!E108+'วันที่ 25'!E108+'วันที่ 26'!E108+'วันที่ 27'!E108+'วันที่ 28'!E108+'วันที่ 29'!E108+'วันที่ 30'!E108+'วันที่ 31'!E108 -> 0 | D109: ='วันที่ 1'!F109+'วันที่ 2 '!F108+'วันที่ 3'!F108+'วันที่ 4'!F108+'วันที่ 5'!F108+'วันที่ 6'!F108+'วันที่ 7'!F108+'วันที่ 8'!F108+'วันที่ 9'!F108+'วันที่ 10'!F108+'วันที่11'!F108+'วันที่12'!F108+'วันที่13'!F109+'วันที่ 14'!F108+'วันที่ 15'!F108+'วันที่ 16'!F108+'วันที่ 17'!F108+'วันที่ 18'!F108+'วันที่ 19'!F108+'วันที่ 20'!F108+'วันที่ 21'!F108+'วันที่ 22'!F108+'วันที่ 23'!F108+'วันที่ 24'!F108+'วันที่ 25'!F108+'วันที่ 26'!F108+'วันที่ 27'!F108+'วันที่ 28'!F108+'วันที่ 29'!F108+'วันที่ 30'!F108+'วันที่ 31'!F108 -> 0 | E109: ='วันที่ 1'!G109+'วันที่ 2 '!G108+'วันที่ 3'!G108+'วันที่ 4'!G108+'วันที่ 5'!G108+'วันที่ 6'!G108+'วันที่ 7'!G108+'วันที่ 8'!G108+'วันที่ 9'!G108+'วันที่ 10'!G108+'วันที่11'!G108+'วันที่12'!G108+'วันที่13'!G109+'วันที่ 14'!G108+'วันที่ 15'!G108+'วันที่ 16'!G108+'วันที่ 17'!G108+'วันที่ 18'!G108+'วันที่ 19'!G108+'วันที่ 20'!G108+'วันที่ 21'!G108+'วันที่ 22'!G108+'วันที่ 23'!G108+'วันที่ 24'!G108+'วันที่ 25'!G108+'วันที่ 26'!G108+'วันที่ 27'!G108+'วันที่ 28'!G108+'วันที่ 29'!G108+'วันที่ 30'!G108+'วันที่ 31'!G108 -> 0 | F109: ='วันที่ 31'!K108 -> 1
A110: 1200091 | B110: ลูกเดือย 500 กรัม *ห่อ | C110: ='วันที่ 1'!E110+'วันที่ 2 '!E109+'วันที่ 3'!E109+'วันที่ 4'!E109+'วันที่ 5'!E109+'วันที่ 6'!E109+'วันที่ 7'!E109+'วันที่ 8'!E109+'วันที่ 9'!E109+'วันที่ 10'!E109+'วันที่11'!E109+'วันที่12'!E109+'วันที่13'!E110+'วันที่ 14'!E109+'วันที่ 15'!E109+'วันที่ 16'!E109+'วันที่ 17'!E109+'วันที่ 18'!E109+'วันที่ 19'!E109+'วันที่ 20'!E109+'วันที่ 21'!E109+'วันที่ 22'!E109+'วันที่ 23'!E109+'วันที่ 24'!E109+'วันที่ 25'!E109+'วันที่ 26'!E109+'วันที่ 27'!E109+'วันที่ 28'!E109+'วันที่ 29'!E109+'วันที่ 30'!E109+'วันที่ 31'!E109 -> 0 | D110: ='วันที่ 1'!F110+'วันที่ 2 '!F109+'วันที่ 3'!F109+'วันที่ 4'!F109+'วันที่ 5'!F109+'วันที่ 6'!F109+'วันที่ 7'!F109+'วันที่ 8'!F109+'วันที่ 9'!F109+'วันที่ 10'!F109+'วันที่11'!F109+'วันที่12'!F109+'วันที่13'!F110+'วันที่ 14'!F109+'วันที่ 15'!F109+'วันที่ 16'!F109+'วันที่ 17'!F109+'วันที่ 18'!F109+'วันที่ 19'!F109+'วันที่ 20'!F109+'วันที่ 21'!F109+'วันที่ 22'!F109+'วันที่ 23'!F109+'วันที่ 24'!F109+'วันที่ 25'!F109+'วันที่ 26'!F109+'วันที่ 27'!F109+'วันที่ 28'!F109+'วันที่ 29'!F109+'วันที่ 30'!F109+'วันที่ 31'!F109 -> 0 | E110: ='วันที่ 1'!G110+'วันที่ 2 '!G109+'วันที่ 3'!G109+'วันที่ 4'!G109+'วันที่ 5'!G109+'วันที่ 6'!G109+'วันที่ 7'!G109+'วันที่ 8'!G109+'วันที่ 9'!G109+'วันที่ 10'!G109+'วันที่11'!G109+'วันที่12'!G109+'วันที่13'!G110+'วันที่ 14'!G109+'วันที่ 15'!G109+'วันที่ 16'!G109+'วันที่ 17'!G109+'วันที่ 18'!G109+'วันที่ 19'!G109+'วันที่ 20'!G109+'วันที่ 21'!G109+'วันที่ 22'!G109+'วันที่ 23'!G109+'วันที่ 24'!G109+'วันที่ 25'!G109+'วันที่ 26'!G109+'วันที่ 27'!G109+'วันที่ 28'!G109+'วันที่ 29'!G109+'วันที่ 30'!G109+'วันที่ 31'!G109 -> 0 | F110: ='วันที่ 31'!K109 -> 1
A112: 1080009 | B112: พริกไทยดำเม็ด 500 กรัม | C112: ='วันที่ 1'!E112+'วันที่ 2 '!E111+'วันที่ 3'!E111+'วันที่ 4'!E111+'วันที่ 5'!E111+'วันที่ 6'!E111+'วันที่ 7'!E111+'วันที่ 8'!E111+'วันที่ 9'!E111+'วันที่ 10'!E111+'วันที่11'!E111+'วันที่12'!E111+'วันที่13'!E112+'วันที่ 14'!E111+'วันที่ 15'!E111+'วันที่ 16'!E111+'วันที่ 17'!E111+'วันที่ 18'!E111+'วันที่ 19'!E111+'วันที่ 20'!E111+'วันที่ 21'!E111+'วันที่ 22'!E111+'วันที่ 23'!E111+'วันที่ 24'!E111+'วันที่ 25'!E111+'วันที่ 26'!E111+'วันที่ 27'!E111+'วันที่ 28'!E111+'วันที่ 29'!E111+'วันที่ 30'!E111+'วันที่ 31'!E111 -> 0 | D112: ='วันที่ 1'!F112+'วันที่ 2 '!F111+'วันที่ 3'!F111+'วันที่ 4'!F111+'วันที่ 5'!F111+'วันที่ 6'!F111+'วันที่ 7'!F111+'วันที่ 8'!F111+'วันที่ 9'!F111+'วันที่ 10'!F111+'วันที่11'!F111+'วันที่12'!F111+'วันที่13'!F112+'วันที่ 14'!F111+'วันที่ 15'!F111+'วันที่ 16'!F111+'วันที่ 17'!F111+'วันที่ 18'!F111+'วันที่ 19'!F111+'วันที่ 20'!F111+'วันที่ 21'!F111+'วันที่ 22'!F111+'วันที่ 23'!F111+'วันที่ 24'!F111+'วันที่ 25'!F111+'วันที่ 26'!F111+'วันที่ 27'!F111+'วันที่ 28'!F111+'วันที่ 29'!F111+'วันที่ 30'!F111+'วันที่ 31'!F111 -> 0 | E112: ='วันที่ 1'!G112+'วันที่ 2 '!G111+'วันที่ 3'!G111+'วันที่ 4'!G111+'วันที่ 5'!G111+'วันที่ 6'!G111+'วันที่ 7'!G111+'วันที่ 8'!G111+'วันที่ 9'!G111+'วันที่ 10'!G111+'วันที่11'!G111+'วันที่12'!G111+'วันที่13'!G112+'วันที่ 14'!G111+'วันที่ 15'!G111+'วันที่ 16'!G111+'วันที่ 17'!G111+'วันที่ 18'!G111+'วันที่ 19'!G111+'วันที่ 20'!G111+'วันที่ 21'!G111+'วันที่ 22'!G111+'วันที่ 23'!G111+'วันที่ 24'!G111+'วันที่ 25'!G111+'วันที่ 26'!G111+'วันที่ 27'!G111+'วันที่ 28'!G111+'วันที่ 29'!G111+'วันที่ 30'!G111+'วันที่ 31'!G111 -> 0 | F112: ='วันที่ 31'!K111 -> 0
A113: 1500294 | B113: ไข่ม้วน (ไข่หวาน) ญี่ปุ่นแช่แข็ง 500ก.*แพ็ค | C113: ='วันที่ 1'!E113+'วันที่ 2 '!E112+'วันที่ 3'!E112+'วันที่ 4'!E112+'วันที่ 5'!E112+'วันที่ 6'!E112+'วันที่ 7'!E112+'วันที่ 8'!E112+'วันที่ 9'!E112+'วันที่ 10'!E112+'วันที่11'!E112+'วันที่12'!E112+'วันที่13'!E113+'วันที่ 14'!E112+'วันที่ 15'!E112+'วันที่ 16'!E112+'วันที่ 17'!E112+'วันที่ 18'!E112+'วันที่ 19'!E112+'วันที่ 20'!E112+'วันที่ 21'!E112+'วันที่ 22'!E112+'วันที่ 23'!E112+'วันที่ 24'!E112+'วันที่ 25'!E112+'วันที่ 26'!E112+'วันที่ 27'!E112+'วันที่ 28'!E112+'วันที่ 29'!E112+'วันที่ 30'!E112+'วันที่ 31'!E112 -> 0 | D113: ='วันที่ 1'!F113+'วันที่ 2 '!F112+'วันที่ 3'!F112+'วันที่ 4'!F112+'วันที่ 5'!F112+'วันที่ 6'!F112+'วันที่ 7'!F112+'วันที่ 8'!F112+'วันที่ 9'!F112+'วันที่ 10'!F112+'วันที่11'!F112+'วันที่12'!F112+'วันที่13'!F113+'วันที่ 14'!F112+'วันที่ 15'!F112+'วันที่ 16'!F112+'วันที่ 17'!F112+'วันที่ 18'!F112+'วันที่ 19'!F112+'วันที่ 20'!F112+'วันที่ 21'!F112+'วันที่ 22'!F112+'วันที่ 23'!F112+'วันที่ 24'!F112+'วันที่ 25'!F112+'วันที่ 26'!F112+'วันที่ 27'!F112+'วันที่ 28'!F112+'วันที่ 29'!F112+'วันที่ 30'!F112+'วันที่ 31'!F112 -> 0 | E113: ='วันที่ 1'!G113+'วันที่ 2 '!G112+'วันที่ 3'!G112+'วันที่ 4'!G112+'วันที่ 5'!G112+'วันที่ 6'!G112+'วันที่ 7'!G112+'วันที่ 8'!G112+'วันที่ 9'!G112+'วันที่ 10'!G112+'วันที่11'!G112+'วันที่12'!G112+'วันที่13'!G113+'วันที่ 14'!G112+'วันที่ 15'!G112+'วันที่ 16'!G112+'วันที่ 17'!G112+'วันที่ 18'!G112+'วันที่ 19'!G112+'วันที่ 20'!G112+'วันที่ 21'!G112+'วันที่ 22'!G112+'วันที่ 23'!G112+'วันที่ 24'!G112+'วันที่ 25'!G112+'วันที่ 26'!G112+'วันที่ 27'!G112+'วันที่ 28'!G112+'วันที่ 29'!G112+'วันที่ 30'!G112+'วันที่ 31'!G112 -> 0 | F113: ='วันที่ 31'!K112 -> 2
A114: 1000050 | B114: ซอสทาบาสโก้ 60 กรัม(Tabasco Sauce) | C114: ='วันที่ 1'!E114+'วันที่ 2 '!E113+'วันที่ 3'!E113+'วันที่ 4'!E113+'วันที่ 5'!E113+'วันที่ 6'!E113+'วันที่ 7'!E113+'วันที่ 8'!E113+'วันที่ 9'!E113+'วันที่ 10'!E113+'วันที่11'!E113+'วันที่12'!E113+'วันที่13'!E114+'วันที่ 14'!E113+'วันที่ 15'!E113+'วันที่ 16'!E113+'วันที่ 17'!E113+'วันที่ 18'!E113+'วันที่ 19'!E113+'วันที่ 20'!E113+'วันที่ 21'!E113+'วันที่ 22'!E113+'วันที่ 23'!E113+'วันที่ 24'!E113+'วันที่ 25'!E113+'วันที่ 26'!E113+'วันที่ 27'!E113+'วันที่ 28'!E113+'วันที่ 29'!E113+'วันที่ 30'!E113+'วันที่ 31'!E113 -> 0 | D114: ='วันที่ 1'!F114+'วันที่ 2 '!F113+'วันที่ 3'!F113+'วันที่ 4'!F113+'วันที่ 5'!F113+'วันที่ 6'!F113+'วันที่ 7'!F113+'วันที่ 8'!F113+'วันที่ 9'!F113+'วันที่ 10'!F113+'วันที่11'!F113+'วันที่12'!F113+'วันที่13'!F114+'วันที่ 14'!F113+'วันที่ 15'!F113+'วันที่ 16'!F113+'วันที่ 17'!F113+'วันที่ 18'!F113+'วันที่ 19'!F113+'วันที่ 20'!F113+'วันที่ 21'!F113+'วันที่ 22'!F113+'วันที่ 23'!F113+'วันที่ 24'!F113+'วันที่ 25'!F113+'วันที่ 26'!F113+'วันที่ 27'!F113+'วันที่ 28'!F113+'วันที่ 29'!F113+'วันที่ 30'!F113+'วันที่ 31'!F113 -> 0 | E114: ='วันที่ 1'!G114+'วันที่ 2 '!G113+'วันที่ 3'!G113+'วันที่ 4'!G113+'วันที่ 5'!G113+'วันที่ 6'!G113+'วันที่ 7'!G113+'วันที่ 8'!G113+'วันที่ 9'!G113+'วันที่ 10'!G113+'วันที่11'!G113+'วันที่12'!G113+'วันที่13'!G114+'วันที่ 14'!G113+'วันที่ 15'!G113+'วันที่ 16'!G113+'วันที่ 17'!G113+'วันที่ 18'!G113+'วันที่ 19'!G113+'วันที่ 20'!G113+'วันที่ 21'!G113+'วันที่ 22'!G113+'วันที่ 23'!G113+'วันที่ 24'!G113+'วันที่ 25'!G113+'วันที่ 26'!G113+'วันที่ 27'!G113+'วันที่ 28'!G113+'วันที่ 29'!G113+'วันที่ 30'!G113+'วันที่ 31'!G113 -> 0 | F114: ='วันที่ 31'!K113 -> 9
A115: 1000071 | B115: ซอสปรุงรส/ซอสถั่วเหลือง ตราภูเขาทอง ฝาเขียว 3 ลิตร | C115: ='วันที่ 1'!E115+'วันที่ 2 '!E114+'วันที่ 3'!E114+'วันที่ 4'!E114+'วันที่ 5'!E114+'วันที่ 6'!E114+'วันที่ 7'!E114+'วันที่ 8'!E114+'วันที่ 9'!E114+'วันที่ 10'!E114+'วันที่11'!E114+'วันที่12'!E114+'วันที่13'!E115+'วันที่ 14'!E114+'วันที่ 15'!E114+'วันที่ 16'!E114+'วันที่ 17'!E114+'วันที่ 18'!E114+'วันที่ 19'!E114+'วันที่ 20'!E114+'วันที่ 21'!E114+'วันที่ 22'!E114+'วันที่ 23'!E114+'วันที่ 24'!E114+'วันที่ 25'!E114+'วันที่ 26'!E114+'วันที่ 27'!E114+'วันที่ 28'!E114+'วันที่ 29'!E114+'วันที่ 30'!E114+'วันที่ 31'!E114 -> 0 | D115: ='วันที่ 1'!F115+'วันที่ 2 '!F114+'วันที่ 3'!F114+'วันที่ 4'!F114+'วันที่ 5'!F114+'วันที่ 6'!F114+'วันที่ 7'!F114+'วันที่ 8'!F114+'วันที่ 9'!F114+'วันที่ 10'!F114+'วันที่11'!F114+'วันที่12'!F114+'วันที่13'!F115+'วันที่ 14'!F114+'วันที่ 15'!F114+'วันที่ 16'!F114+'วันที่ 17'!F114+'วันที่ 18'!F114+'วันที่ 19'!F114+'วันที่ 20'!F114+'วันที่ 21'!F114+'วันที่ 22'!F114+'วันที่ 23'!F114+'วันที่ 24'!F114+'วันที่ 25'!F114+'วันที่ 26'!F114+'วันที่ 27'!F114+'วันที่ 28'!F114+'วันที่ 29'!F114+'วันที่ 30'!F114+'วันที่ 31'!F114 -> 0 | E115: ='วันที่ 1'!G115+'วันที่ 2 '!G114+'วันที่ 3'!G114+'วันที่ 4'!G114+'วันที่ 5'!G114+'วันที่ 6'!G114+'วันที่ 7'!G114+'วันที่ 8'!G114+'วันที่ 9'!G114+'วันที่ 10'!G114+'วันที่11'!G114+'วันที่12'!G114+'วันที่13'!G115+'วันที่ 14'!G114+'วันที่ 15'!G114+'วันที่ 16'!G114+'วันที่ 17'!G114+'วันที่ 18'!G114+'วันที่ 19'!G114+'วันที่ 20'!G114+'วันที่ 21'!G114+'วันที่ 22'!G114+'วันที่ 23'!G114+'วันที่ 24'!G114+'วันที่ 25'!G114+'วันที่ 26'!G114+'วันที่ 27'!G114+'วันที่ 28'!G114+'วันที่ 29'!G114+'วันที่ 30'!G114+'วันที่ 31'!G114 -> 0 | F115: ='วันที่ 31'!K114 -> 0
A117: 1000028 | B117: น้ำส้มสายชู ภูเขาทอง 5 ลิตร | C117: ='วันที่ 1'!E117+'วันที่ 2 '!E116+'วันที่ 3'!E116+'วันที่ 4'!E116+'วันที่ 5'!E116+'วันที่ 6'!E116+'วันที่ 7'!E116+'วันที่ 8'!E116+'วันที่ 9'!E116+'วันที่ 10'!E116+'วันที่11'!E116+'วันที่12'!E116+'วันที่13'!E117+'วันที่ 14'!E116+'วันที่ 15'!E116+'วันที่ 16'!E116+'วันที่ 17'!E116+'วันที่ 18'!E116+'วันที่ 19'!E116+'วันที่ 20'!E116+'วันที่ 21'!E116+'วันที่ 22'!E116+'วันที่ 23'!E116+'วันที่ 24'!E116+'วันที่ 25'!E116+'วันที่ 26'!E116+'วันที่ 27'!E116+'วันที่ 28'!E116+'วันที่ 29'!E116+'วันที่ 30'!E116+'วันที่ 31'!E116 -> 0 | D117: ='วันที่ 1'!F117+'วันที่ 2 '!F116+'วันที่ 3'!F116+'วันที่ 4'!F116+'วันที่ 5'!F116+'วันที่ 6'!F116+'วันที่ 7'!F116+'วันที่ 8'!F116+'วันที่ 9'!F116+'วันที่ 10'!F116+'วันที่11'!F116+'วันที่12'!F116+'วันที่13'!F117+'วันที่ 14'!F116+'วันที่ 15'!F116+'วันที่ 16'!F116+'วันที่ 17'!F116+'วันที่ 18'!F116+'วันที่ 19'!F116+'วันที่ 20'!F116+'วันที่ 21'!F116+'วันที่ 22'!F116+'วันที่ 23'!F116+'วันที่ 24'!F116+'วันที่ 25'!F116+'วันที่ 26'!F116+'วันที่ 27'!F116+'วันที่ 28'!F116+'วันที่ 29'!F116+'วันที่ 30'!F116+'วันที่ 31'!F116 -> 0 | E117: ='วันที่ 1'!G117+'วันที่ 2 '!G116+'วันที่ 3'!G116+'วันที่ 4'!G116+'วันที่ 5'!G116+'วันที่ 6'!G116+'วันที่ 7'!G116+'วันที่ 8'!G116+'วันที่ 9'!G116+'วันที่ 10'!G116+'วันที่11'!G116+'วันที่12'!G116+'วันที่13'!G117+'วันที่ 14'!G116+'วันที่ 15'!G116+'วันที่ 16'!G116+'วันที่ 17'!G116+'วันที่ 18'!G116+'วันที่ 19'!G116+'วันที่ 20'!G116+'วันที่ 21'!G116+'วันที่ 22'!G116+'วันที่ 23'!G116+'วันที่ 24'!G116+'วันที่ 25'!G116+'วันที่ 26'!G116+'วันที่ 27'!G116+'วันที่ 28'!G116+'วันที่ 29'!G116+'วันที่ 30'!G116+'วันที่ 31'!G116 -> 0 | F117: ='วันที่ 31'!K116 -> 0
A118: 1000107 | B118: ซอสพริกศรีราชา สูตรเผ็ด ตราไก่ 540กรัม | C118: ='วันที่ 1'!E118+'วันที่ 2 '!E117+'วันที่ 3'!E117+'วันที่ 4'!E117+'วันที่ 5'!E117+'วันที่ 6'!E117+'วันที่ 7'!E117+'วันที่ 8'!E117+'วันที่ 9'!E117+'วันที่ 10'!E117+'วันที่11'!E117+'วันที่12'!E117+'วันที่13'!E118+'วันที่ 14'!E117+'วันที่ 15'!E117+'วันที่ 16'!E117+'วันที่ 17'!E117+'วันที่ 18'!E117+'วันที่ 19'!E117+'วันที่ 20'!E117+'วันที่ 21'!E117+'วันที่ 22'!E117+'วันที่ 23'!E117+'วันที่ 24'!E117+'วันที่ 25'!E117+'วันที่ 26'!E117+'วันที่ 27'!E117+'วันที่ 28'!E117+'วันที่ 29'!E117+'วันที่ 30'!E117+'วันที่ 31'!E117 -> 0 | D118: ='วันที่ 1'!F118+'วันที่ 2 '!F117+'วันที่ 3'!F117+'วันที่ 4'!F117+'วันที่ 5'!F117+'วันที่ 6'!F117+'วันที่ 7'!F117+'วันที่ 8'!F117+'วันที่ 9'!F117+'วันที่ 10'!F117+'วันที่11'!F117+'วันที่12'!F117+'วันที่13'!F118+'วันที่ 14'!F117+'วันที่ 15'!F117+'วันที่ 16'!F117+'วันที่ 17'!F117+'วันที่ 18'!F117+'วันที่ 19'!F117+'วันที่ 20'!F117+'วันที่ 21'!F117+'วันที่ 22'!F117+'วันที่ 23'!F117+'วันที่ 24'!F117+'วันที่ 25'!F117+'วันที่ 26'!F117+'วันที่ 27'!F117+'วันที่ 28'!F117+'วันที่ 29'!F117+'วันที่ 30'!F117+'วันที่ 31'!F117 -> 0 | E118: ='วันที่ 1'!G118+'วันที่ 2 '!G117+'วันที่ 3'!G117+'วันที่ 4'!G117+'วันที่ 5'!G117+'วันที่ 6'!G117+'วันที่ 7'!G117+'วันที่ 8'!G117+'วันที่ 9'!G117+'วันที่ 10'!G117+'วันที่11'!G117+'วันที่12'!G117+'วันที่13'!G118+'วันที่ 14'!G117+'วันที่ 15'!G117+'วันที่ 16'!G117+'วันที่ 17'!G117+'วันที่ 18'!G117+'วันที่ 19'!G117+'วันที่ 20'!G117+'วันที่ 21'!G117+'วันที่ 22'!G117+'วันที่ 23'!G117+'วันที่ 24'!G117+'วันที่ 25'!G117+'วันที่ 26'!G117+'วันที่ 27'!G117+'วันที่ 28'!G117+'วันที่ 29'!G117+'วันที่ 30'!G117+'วันที่ 31'!G117 -> 0 | F118: ='วันที่ 31'!K117 -> 2
A119: 1200133 | B119: ถั่วลิสงเลาะเปลือก 500 กรัม/ห่อ 6ห่อ*แพ็ค | C119: ='วันที่ 1'!E119+'วันที่ 2 '!E118+'วันที่ 3'!E118+'วันที่ 4'!E118+'วันที่ 5'!E118+'วันที่ 6'!E118+'วันที่ 7'!E118+'วันที่ 8'!E118+'วันที่ 9'!E118+'วันที่ 10'!E118+'วันที่11'!E118+'วันที่12'!E118+'วันที่13'!E119+'วันที่ 14'!E118+'วันที่ 15'!E118+'วันที่ 16'!E118+'วันที่ 17'!E118+'วันที่ 18'!E118+'วันที่ 19'!E118+'วันที่ 20'!E118+'วันที่ 21'!E118+'วันที่ 22'!E118+'วันที่ 23'!E118+'วันที่ 24'!E118+'วันที่ 25'!E118+'วันที่ 26'!E118+'วันที่ 27'!E118+'วันที่ 28'!E118+'วันที่ 29'!E118+'วันที่ 30'!E118+'วันที่ 31'!E118 -> 0 | D119: ='วันที่ 1'!F119+'วันที่ 2 '!F118+'วันที่ 3'!F118+'วันที่ 4'!F118+'วันที่ 5'!F118+'วันที่ 6'!F118+'วันที่ 7'!F118+'วันที่ 8'!F118+'วันที่ 9'!F118+'วันที่ 10'!F118+'วันที่11'!F118+'วันที่12'!F118+'วันที่13'!F119+'วันที่ 14'!F118+'วันที่ 15'!F118+'วันที่ 16'!F118+'วันที่ 17'!F118+'วันที่ 18'!F118+'วันที่ 19'!F118+'วันที่ 20'!F118+'วันที่ 21'!F118+'วันที่ 22'!F118+'วันที่ 23'!F118+'วันที่ 24'!F118+'วันที่ 25'!F118+'วันที่ 26'!F118+'วันที่ 27'!F118+'วันที่ 28'!F118+'วันที่ 29'!F118+'วันที่ 30'!F118+'วันที่ 31'!F118 -> 0 | E119: ='วันที่ 1'!G119+'วันที่ 2 '!G118+'วันที่ 3'!G118+'วันที่ 4'!G118+'วันที่ 5'!G118+'วันที่ 6'!G118+'วันที่ 7'!G118+'วันที่ 8'!G118+'วันที่ 9'!G118+'วันที่ 10'!G118+'วันที่11'!G118+'วันที่12'!G118+'วันที่13'!G119+'วันที่ 14'!G118+'วันที่ 15'!G118+'วันที่ 16'!G118+'วันที่ 17'!G118+'วันที่ 18'!G118+'วันที่ 19'!G118+'วันที่ 20'!G118+'วันที่ 21'!G118+'วันที่ 22'!G118+'วันที่ 23'!G118+'วันที่ 24'!G118+'วันที่ 25'!G118+'วันที่ 26'!G118+'วันที่ 27'!G118+'วันที่ 28'!G118+'วันที่ 29'!G118+'วันที่ 30'!G118+'วันที่ 31'!G118 -> 0 | F119: ='วันที่ 31'!K118 -> 11
... A179: 1000056 | B179: เกลือแกง 12 ถุง*มัด | C179: ='วันที่ 1'!E179+'วันที่ 2 '!E178+'วันที่ 3'!E178+'วันที่ 4'!E178+'วันที่ 5'!E178+'วันที่ 6'!E178+'วันที่ 7'!E178+'วันที่ 8'!E178+'วันที่ 9'!E178+'วันที่ 10'!E178+'วันที่11'!E178+'วันที่12'!E178+'วันที่13'!E179+'วันที่ 14'!E178+'วันที่ 15'!E178+'วันที่ 16'!E178+'วันที่ 17'!E178+'วันที่ 18'!E178+'วันที่ 19'!E178+'วันที่ 20'!E178+'วันที่ 21'!E178+'วันที่ 22'!E178+'วันที่ 23'!E178+'วันที่ 24'!E178+'วันที่ 25'!E178+'วันที่ 26'!E178+'วันที่ 27'!E178+'วันที่ 28'!E178+'วันที่ 29'!E178+'วันที่ 30'!E178+'วันที่ 31'!E178 -> 0 | D179: ='วันที่ 1'!F179+'วันที่ 2 '!F178+'วันที่ 3'!F178+'วันที่ 4'!F178+'วันที่ 5'!F178+'วันที่ 6'!F178+'วันที่ 7'!F178+'วันที่ 8'!F178+'วันที่ 9'!F178+'วันที่ 10'!F178+'วันที่11'!F178+'วันที่12'!F178+'วันที่13'!F179+'วันที่ 14'!F178+'วันที่ 15'!F178+'วันที่ 16'!F178+'วันที่ 17'!F178+'วันที่ 18'!F178+'วันที่ 19'!F178+'วันที่ 20'!F178+'วันที่ 21'!F178+'วันที่ 22'!F178+'วันที่ 23'!F178+'วันที่ 24'!F178+'วันที่ 25'!F178+'วันที่ 26'!F178+'วันที่ 27'!F178+'วันที่ 28'!F178+'วันที่ 29'!F178+'วันที่ 30'!F178+'วันที่ 31'!F178 -> 0 | E179: ='วันที่ 1'!G179+'วันที่ 2 '!G178+'วันที่ 3'!G178+'วันที่ 4'!G178+'วันที่ 5'!G178+'วันที่ 6'!G178+'วันที่ 7'!G178+'วันที่ 8'!G178+'วันที่ 9'!G178+'วันที่ 10'!G178+'วันที่11'!G178+'วันที่12'!G178+'วันที่13'!G179+'วันที่ 14'!G178+'วันที่ 15'!G178+'วันที่ 16'!G178+'วันที่ 17'!G178+'วันที่ 18'!G178+'วันที่ 19'!G178+'วันที่ 20'!G178+'วันที่ 21'!G178+'วันที่ 22'!G178+'วันที่ 23'!G178+'วันที่ 24'!G178+'วันที่ 25'!G178+'วันที่ 26'!G178+'วันที่ 27'!G178+'วันที่ 28'!G178+'วันที่ 29'!G178+'วันที่ 30'!G178+'วันที่ 31'!G178 -> 0 | F179: ='วันที่ 31'!K178 -> 6
A180: 1020006 | B180: โอวัลติน 1000 กรัม | C180: ='วันที่ 1'!E180+'วันที่ 2 '!E179+'วันที่ 3'!E179+'วันที่ 4'!E179+'วันที่ 5'!E179+'วันที่ 6'!E179+'วันที่ 7'!E179+'วันที่ 8'!E179+'วันที่ 9'!E179+'วันที่ 10'!E179+'วันที่11'!E179+'วันที่12'!E179+'วันที่13'!E180+'วันที่ 14'!E179+'วันที่ 15'!E179+'วันที่ 16'!E179+'วันที่ 17'!E179+'วันที่ 18'!E179+'วันที่ 19'!E179+'วันที่ 20'!E179+'วันที่ 21'!E179+'วันที่ 22'!E179+'วันที่ 23'!E179+'วันที่ 24'!E179+'วันที่ 25'!E179+'วันที่ 26'!E179+'วันที่ 27'!E179+'วันที่ 28'!E179+'วันที่ 29'!E179+'วันที่ 30'!E179+'วันที่ 31'!E179 -> 0 | D180: ='วันที่ 1'!F180+'วันที่ 2 '!F179+'วันที่ 3'!F179+'วันที่ 4'!F179+'วันที่ 5'!F179+'วันที่ 6'!F179+'วันที่ 7'!F179+'วันที่ 8'!F179+'วันที่ 9'!F179+'วันที่ 10'!F179+'วันที่11'!F179+'วันที่12'!F179+'วันที่13'!F180+'วันที่ 14'!F179+'วันที่ 15'!F179+'วันที่ 16'!F179+'วันที่ 17'!F179+'วันที่ 18'!F179+'วันที่ 19'!F179+'วันที่ 20'!F179+'วันที่ 21'!F179+'วันที่ 22'!F179+'วันที่ 23'!F179+'วันที่ 24'!F179+'วันที่ 25'!F179+'วันที่ 26'!F179+'วันที่ 27'!F179+'วันที่ 28'!F179+'วันที่ 29'!F179+'วันที่ 30'!F179+'วันที่ 31'!F179 -> 0 | E180: ='วันที่ 1'!G180+'วันที่ 2 '!G179+'วันที่ 3'!G179+'วันที่ 4'!G179+'วันที่ 5'!G179+'วันที่ 6'!G179+'วันที่ 7'!G179+'วันที่ 8'!G179+'วันที่ 9'!G179+'วันที่ 10'!G179+'วันที่11'!G179+'วันที่12'!G179+'วันที่13'!G180+'วันที่ 14'!G179+'วันที่ 15'!G179+'วันที่ 16'!G179+'วันที่ 17'!G179+'วันที่ 18'!G179+'วันที่ 19'!G179+'วันที่ 20'!G179+'วันที่ 21'!G179+'วันที่ 22'!G179+'วันที่ 23'!G179+'วันที่ 24'!G179+'วันที่ 25'!G179+'วันที่ 26'!G179+'วันที่ 27'!G179+'วันที่ 28'!G179+'วันที่ 29'!G179+'วันที่ 30'!G179+'วันที่ 31'!G179 -> 0 | F180: ='วันที่ 31'!K179 -> 3 | G180: เดือนละครั้ง
A181: 1020005 | B181: เนสกาแฟเอ็กซ์ตร้า 450 กรัม | C181: ='วันที่ 1'!E181+'วันที่ 2 '!E180+'วันที่ 3'!E180+'วันที่ 4'!E180+'วันที่ 5'!E180+'วันที่ 6'!E180+'วันที่ 7'!E180+'วันที่ 8'!E180+'วันที่ 9'!E180+'วันที่ 10'!E180+'วันที่11'!E180+'วันที่12'!E180+'วันที่13'!E181+'วันที่ 14'!E180+'วันที่ 15'!E180+'วันที่ 16'!E180+'วันที่ 17'!E180+'วันที่ 18'!E180+'วันที่ 19'!E180+'วันที่ 20'!E180+'วันที่ 21'!E180+'วันที่ 22'!E180+'วันที่ 23'!E180+'วันที่ 24'!E180+'วันที่ 25'!E180+'วันที่ 26'!E180+'วันที่ 27'!E180+'วันที่ 28'!E180+'วันที่ 29'!E180+'วันที่ 30'!E180+'วันที่ 31'!E180 -> 0 | D181: ='วันที่ 1'!F181+'วันที่ 2 '!F180+'วันที่ 3'!F180+'วันที่ 4'!F180+'วันที่ 5'!F180+'วันที่ 6'!F180+'วันที่ 7'!F180+'วันที่ 8'!F180+'วันที่ 9'!F180+'วันที่ 10'!F180+'วันที่11'!F180+'วันที่12'!F180+'วันที่13'!F181+'วันที่ 14'!F180+'วันที่ 15'!F180+'วันที่ 16'!F180+'วันที่ 17'!F180+'วันที่ 18'!F180+'วันที่ 19'!F180+'วันที่ 20'!F180+'วันที่ 21'!F180+'วันที่ 22'!F180+'วันที่ 23'!F180+'วันที่ 24'!F180+'วันที่ 25'!F180+'วันที่ 26'!F180+'วันที่ 27'!F180+'วันที่ 28'!F180+'วันที่ 29'!F180+'วันที่ 30'!F180+'วันที่ 31'!F180 -> 0 | E181: ='วันที่ 1'!G181+'วันที่ 2 '!G180+'วันที่ 3'!G180+'วันที่ 4'!G180+'วันที่ 5'!G180+'วันที่ 6'!G180+'วันที่ 7'!G180+'วันที่ 8'!G180+'วันที่ 9'!G180+'วันที่ 10'!G180+'วันที่11'!G180+'วันที่12'!G180+'วันที่13'!G181+'วันที่ 14'!G180+'วันที่ 15'!G180+'วันที่ 16'!G180+'วันที่ 17'!G180+'วันที่ 18'!G180+'วันที่ 19'!G180+'วันที่ 20'!G180+'วันที่ 21'!G180+'วันที่ 22'!G180+'วันที่ 23'!G180+'วันที่ 24'!G180+'วันที่ 25'!G180+'วันที่ 26'!G180+'วันที่ 27'!G180+'วันที่ 28'!G180+'วันที่ 29'!G180+'วันที่ 30'!G180+'วันที่ 31'!G180 -> 0 | F181: ='วันที่ 31'!K180 -> 9 | G181: เดือนละครั้ง
A182: 1020007 | B182: คอฟฟี่เมต[Coffee Mate 450 กรัม] | C182: ='วันที่ 1'!E182+'วันที่ 2 '!E181+'วันที่ 3'!E181+'วันที่ 4'!E181+'วันที่ 5'!E181+'วันที่ 6'!E181+'วันที่ 7'!E181+'วันที่ 8'!E181+'วันที่ 9'!E181+'วันที่ 10'!E181+'วันที่11'!E181+'วันที่12'!E181+'วันที่13'!E182+'วันที่ 14'!E181+'วันที่ 15'!E181+'วันที่ 16'!E181+'วันที่ 17'!E181+'วันที่ 18'!E181+'วันที่ 19'!E181+'วันที่ 20'!E181+'วันที่ 21'!E181+'วันที่ 22'!E181+'วันที่ 23'!E181+'วันที่ 24'!E181+'วันที่ 25'!E181+'วันที่ 26'!E181+'วันที่ 27'!E181+'วันที่ 28'!E181+'วันที่ 29'!E181+'วันที่ 30'!E181+'วันที่ 31'!E181 -> 0 | D182: ='วันที่ 1'!F182+'วันที่ 2 '!F181+'วันที่ 3'!F181+'วันที่ 4'!F181+'วันที่ 5'!F181+'วันที่ 6'!F181+'วันที่ 7'!F181+'วันที่ 8'!F181+'วันที่ 9'!F181+'วันที่ 10'!F181+'วันที่11'!F181+'วันที่12'!F181+'วันที่13'!F182+'วันที่ 14'!F181+'วันที่ 15'!F181+'วันที่ 16'!F181+'วันที่ 17'!F181+'วันที่ 18'!F181+'วันที่ 19'!F181+'วันที่ 20'!F181+'วันที่ 21'!F181+'วันที่ 22'!F181+'วันที่ 23'!F181+'วันที่ 24'!F181+'วันที่ 25'!F181+'วันที่ 26'!F181+'วันที่ 27'!F181+'วันที่ 28'!F181+'วันที่ 29'!F181+'วันที่ 30'!F181+'วันที่ 31'!F181 -> 0 | E182: ='วันที่ 1'!G182+'วันที่ 2 '!G181+'วันที่ 3'!G181+'วันที่ 4'!G181+'วันที่ 5'!G181+'วันที่ 6'!G181+'วันที่ 7'!G181+'วันที่ 8'!G181+'วันที่ 9'!G181+'วันที่ 10'!G181+'วันที่11'!G181+'วันที่12'!G181+'วันที่13'!G182+'วันที่ 14'!G181+'วันที่ 15'!G181+'วันที่ 16'!G181+'วันที่ 17'!G181+'วันที่ 18'!G181+'วันที่ 19'!G181+'วันที่ 20'!G181+'วันที่ 21'!G181+'วันที่ 22'!G181+'วันที่ 23'!G181+'วันที่ 24'!G181+'วันที่ 25'!G181+'วันที่ 26'!G181+'วันที่ 27'!G181+'วันที่ 28'!G181+'วันที่ 29'!G181+'วันที่ 30'!G181+'วันที่ 31'!G181 -> 0 | F182: ='วันที่ 31'!K181 -> 9 | G182: เดือนละครั้ง
A183: 1390025 | B183: ข้าวญี่ปุ่น Japanese Rice 5kg*ถุง นับสต๊อก | C183: ='วันที่ 1'!E183+'วันที่ 2 '!E182+'วันที่ 3'!E182+'วันที่ 4'!E182+'วันที่ 5'!E182+'วันที่ 6'!E182+'วันที่ 7'!E182+'วันที่ 8'!E182+'วันที่ 9'!E182+'วันที่ 10'!E182+'วันที่11'!E182+'วันที่12'!E182+'วันที่13'!E183+'วันที่ 14'!E182+'วันที่ 15'!E182+'วันที่ 16'!E182+'วันที่ 17'!E182+'วันที่ 18'!E182+'วันที่ 19'!E182+'วันที่ 20'!E182+'วันที่ 21'!E182+'วันที่ 22'!E182+'วันที่ 23'!E182+'วันที่ 24'!E182+'วันที่ 25'!E182+'วันที่ 26'!E182+'วันที่ 27'!E182+'วันที่ 28'!E182+'วันที่ 29'!E182+'วันที่ 30'!E182+'วันที่ 31'!E182 -> 0 | D183: ='วันที่ 1'!F183+'วันที่ 2 '!F182+'วันที่ 3'!F182+'วันที่ 4'!F182+'วันที่ 5'!F182+'วันที่ 6'!F182+'วันที่ 7'!F182+'วันที่ 8'!F182+'วันที่ 9'!F182+'วันที่ 10'!F182+'วันที่11'!F182+'วันที่12'!F182+'วันที่13'!F183+'วันที่ 14'!F182+'วันที่ 15'!F182+'วันที่ 16'!F182+'วันที่ 17'!F182+'วันที่ 18'!F182+'วันที่ 19'!F182+'วันที่ 20'!F182+'วันที่ 21'!F182+'วันที่ 22'!F182+'วันที่ 23'!F182+'วันที่ 24'!F182+'วันที่ 25'!F182+'วันที่ 26'!F182+'วันที่ 27'!F182+'วันที่ 28'!F182+'วันที่ 29'!F182+'วันที่ 30'!F182+'วันที่ 31'!F182 -> 0 | E183: ='วันที่ 1'!G183+'วันที่ 2 '!G182+'วันที่ 3'!G182+'วันที่ 4'!G182+'วันที่ 5'!G182+'วันที่ 6'!G182+'วันที่ 7'!G182+'วันที่ 8'!G182+'วันที่ 9'!G182+'วันที่ 10'!G182+'วันที่11'!G182+'วันที่12'!G182+'วันที่13'!G183+'วันที่ 14'!G182+'วันที่ 15'!G182+'วันที่ 16'!G182+'วันที่ 17'!G182+'วันที่ 18'!G182+'วันที่ 19'!G182+'วันที่ 20'!G182+'วันที่ 21'!G182+'วันที่ 22'!G182+'วันที่ 23'!G182+'วันที่ 24'!G182+'วันที่ 25'!G182+'วันที่ 26'!G182+'วันที่ 27'!G182+'วันที่ 28'!G182+'วันที่ 29'!G182+'วันที่ 30'!G182+'วันที่ 31'!G182 -> 0 | F183: ='วันที่ 31'!K182 -> 11
A184: 1390023 | B184: ข้าวสารหอมมะลิ 100% 48 กก.ไก่แจ้ทองกลางปี นับสต๊อก | C184: ='วันที่ 1'!E184+'วันที่ 2 '!E183+'วันที่ 3'!E183+'วันที่ 4'!E183+'วันที่ 5'!E183+'วันที่ 6'!E183+'วันที่ 7'!E183+'วันที่ 8'!E183+'วันที่ 9'!E183+'วันที่ 10'!E183+'วันที่11'!E183+'วันที่12'!E183+'วันที่13'!E184+'วันที่ 14'!E183+'วันที่ 15'!E183+'วันที่ 16'!E183+'วันที่ 17'!E183+'วันที่ 18'!E183+'วันที่ 19'!E183+'วันที่ 20'!E183+'วันที่ 21'!E183+'วันที่ 22'!E183+'วันที่ 23'!E183+'วันที่ 24'!E183+'วันที่ 25'!E183+'วันที่ 26'!E183+'วันที่ 27'!E183+'วันที่ 28'!E183+'วันที่ 29'!E183+'วันที่ 30'!E183+'วันที่ 31'!E183 -> 0 | D184: ='วันที่ 1'!F184+'วันที่ 2 '!F183+'วันที่ 3'!F183+'วันที่ 4'!F183+'วันที่ 5'!F183+'วันที่ 6'!F183+'วันที่ 7'!F183+'วันที่ 8'!F183+'วันที่ 9'!F183+'วันที่ 10'!F183+'วันที่11'!F183+'วันที่12'!F183+'วันที่13'!F184+'วันที่ 14'!F183+'วันที่ 15'!F183+'วันที่ 16'!F183+'วันที่ 17'!F183+'วันที่ 18'!F183+'วันที่ 19'!F183+'วันที่ 20'!F183+'วันที่ 21'!F183+'วันที่ 22'!F183+'วันที่ 23'!F183+'วันที่ 24'!F183+'วันที่ 25'!F183+'วันที่ 26'!F183+'วันที่ 27'!F183+'วันที่ 28'!F183+'วันที่ 29'!F183+'วันที่ 30'!F183+'วันที่ 31'!F183 -> 0 | E184: ='วันที่ 1'!G184+'วันที่ 2 '!G183+'วันที่ 3'!G183+'วันที่ 4'!G183+'วันที่ 5'!G183+'วันที่ 6'!G183+'วันที่ 7'!G183+'วันที่ 8'!G183+'วันที่ 9'!G183+'วันที่ 10'!G183+'วันที่11'!G183+'วันที่12'!G183+'วันที่13'!G184+'วันที่ 14'!G183+'วันที่ 15'!G183+'วันที่ 16'!G183+'วันที่ 17'!G183+'วันที่ 18'!G183+'วันที่ 19'!G183+'วันที่ 20'!G183+'วันที่ 21'!G183+'วันที่ 22'!G183+'วันที่ 23'!G183+'วันที่ 24'!G183+'วันที่ 25'!G183+'วันที่ 26'!G183+'วันที่ 27'!G183+'วันที่ 28'!G183+'วันที่ 29'!G183+'วันที่ 30'!G183+'วันที่ 31'!G183 -> 0 | F184: ='วันที่ 31'!K183 -> 5
A185: 1390067 | B185: ข้าวสารพนักงาน 48 กก. ไก่แจ้จัสมิน นับสต๊อก | C185: ='วันที่ 1'!E185+'วันที่ 2 '!E184+'วันที่ 3'!E184+'วันที่ 4'!E184+'วันที่ 5'!E184+'วันที่ 6'!E184+'วันที่ 7'!E184+'วันที่ 8'!E184+'วันที่ 9'!E184+'วันที่ 10'!E184+'วันที่11'!E184+'วันที่12'!E184+'วันที่13'!E185+'วันที่ 14'!E184+'วันที่ 15'!E184+'วันที่ 16'!E184+'วันที่ 17'!E184+'วันที่ 18'!E184+'วันที่ 19'!E184+'วันที่ 20'!E184+'วันที่ 21'!E184+'วันที่ 22'!E184+'วันที่ 23'!E184+'วันที่ 24'!E184+'วันที่ 25'!E184+'วันที่ 26'!E184+'วันที่ 27'!E184+'วันที่ 28'!E184+'วันที่ 29'!E184+'วันที่ 30'!E184+'วันที่ 31'!E184 -> 0 | D185: ='วันที่ 1'!F185+'วันที่ 2 '!F184+'วันที่ 3'!F184+'วันที่ 4'!F184+'วันที่ 5'!F184+'วันที่ 6'!F184+'วันที่ 7'!F184+'วันที่ 8'!F184+'วันที่ 9'!F184+'วันที่ 10'!F184+'วันที่11'!F184+'วันที่12'!F184+'วันที่13'!F185+'วันที่ 14'!F184+'วันที่ 15'!F184+'วันที่ 16'!F184+'วันที่ 17'!F184+'วันที่ 18'!F184+'วันที่ 19'!F184+'วันที่ 20'!F184+'วันที่ 21'!F184+'วันที่ 22'!F184+'วันที่ 23'!F184+'วันที่ 24'!F184+'วันที่ 25'!F184+'วันที่ 26'!F184+'วันที่ 27'!F184+'วันที่ 28'!F184+'วันที่ 29'!F184+'วันที่ 30'!F184+'วันที่ 31'!F184 -> 0 | E185: ='วันที่ 1'!G185+'วันที่ 2 '!G184+'วันที่ 3'!G184+'วันที่ 4'!G184+'วันที่ 5'!G184+'วันที่ 6'!G184+'วันที่ 7'!G184+'วันที่ 8'!G184+'วันที่ 9'!G184+'วันที่ 10'!G184+'วันที่11'!G184+'วันที่12'!G184+'วันที่13'!G185+'วันที่ 14'!G184+'วันที่ 15'!G184+'วันที่ 16'!G184+'วันที่ 17'!G184+'วันที่ 18'!G184+'วันที่ 19'!G184+'วันที่ 20'!G184+'วันที่ 21'!G184+'วันที่ 22'!G184+'วันที่ 23'!G184+'วันที่ 24'!G184+'วันที่ 25'!G184+'วันที่ 26'!G184+'วันที่ 27'!G184+'วันที่ 28'!G184+'วันที่ 29'!G184+'วันที่ 30'!G184+'วันที่ 31'!G184 -> 0 | F185: ='วันที่ 31'!K184 -> 1
A186: 1390029 | B186: พาสต้าเพนเน่ ไข่ 1กก*ถุง | C186: ='วันที่ 1'!E186+'วันที่ 2 '!E185+'วันที่ 3'!E185+'วันที่ 4'!E185+'วันที่ 5'!E185+'วันที่ 6'!E185+'วันที่ 7'!E185+'วันที่ 8'!E185+'วันที่ 9'!E185+'วันที่ 10'!E185+'วันที่11'!E185+'วันที่12'!E185+'วันที่13'!E186+'วันที่ 14'!E185+'วันที่ 15'!E185+'วันที่ 16'!E185+'วันที่ 17'!E185+'วันที่ 18'!E185+'วันที่ 19'!E185+'วันที่ 20'!E185+'วันที่ 21'!E185+'วันที่ 22'!E185+'วันที่ 23'!E185+'วันที่ 24'!E185+'วันที่ 25'!E185+'วันที่ 26'!E185+'วันที่ 27'!E185+'วันที่ 28'!E185+'วันที่ 29'!E185+'วันที่ 30'!E185+'วันที่ 31'!E185 -> 0 | D186: ='วันที่ 1'!F186+'วันที่ 2 '!F185+'วันที่ 3'!F185+'วันที่ 4'!F185+'วันที่ 5'!F185+'วันที่ 6'!F185+'วันที่ 7'!F185+'วันที่ 8'!F185+'วันที่ 9'!F185+'วันที่ 10'!F185+'วันที่11'!F185+'วันที่12'!F185+'วันที่13'!F186+'วันที่ 14'!F185+'วันที่ 15'!F185+'วันที่ 16'!F185+'วันที่ 17'!F185+'วันที่ 18'!F185+'วันที่ 19'!F185+'วันที่ 20'!F185+'วันที่ 21'!F185+'วันที่ 22'!F185+'วันที่ 23'!F185+'วันที่ 24'!F185+'วันที่ 25'!F185+'วันที่ 26'!F185+'วันที่ 27'!F185+'วันที่ 28'!F185+'วันที่ 29'!F185+'วันที่ 30'!F185+'วันที่ 31'!F185 -> 0 | E186: ='วันที่ 1'!G186+'วันที่ 2 '!G185+'วันที่ 3'!G185+'วันที่ 4'!G185+'วันที่ 5'!G185+'วันที่ 6'!G185+'วันที่ 7'!G185+'วันที่ 8'!G185+'วันที่ 9'!G185+'วันที่ 10'!G185+'วันที่11'!G185+'วันที่12'!G185+'วันที่13'!G186+'วันที่ 14'!G185+'วันที่ 15'!G185+'วันที่ 16'!G185+'วันที่ 17'!G185+'วันที่ 18'!G185+'วันที่ 19'!G185+'วันที่ 20'!G185+'วันที่ 21'!G185+'วันที่ 22'!G185+'วันที่ 23'!G185+'วันที่ 24'!G185+'วันที่ 25'!G185+'วันที่ 26'!G185+'วันที่ 27'!G185+'วันที่ 28'!G185+'วันที่ 29'!G185+'วันที่ 30'!G185+'วันที่ 31'!G185 -> 0 | F186: ='วันที่ 31'!K185 -> 2
A187: 1010055 | B187: ปลาทูน่าในน้ำแร่ 165 ก. x 4 | C187: ='วันที่ 1'!E187+'วันที่ 2 '!E186+'วันที่ 3'!E186+'วันที่ 4'!E186+'วันที่ 5'!E186+'วันที่ 6'!E186+'วันที่ 7'!E186+'วันที่ 8'!E186+'วันที่ 9'!E186+'วันที่ 10'!E186+'วันที่11'!E186+'วันที่12'!E186+'วันที่13'!E187+'วันที่ 14'!E186+'วันที่ 15'!E186+'วันที่ 16'!E186+'วันที่ 17'!E186+'วันที่ 18'!E186+'วันที่ 19'!E186+'วันที่ 20'!E186+'วันที่ 21'!E186+'วันที่ 22'!E186+'วันที่ 23'!E186+'วันที่ 24'!E186+'วันที่ 25'!E186+'วันที่ 26'!E186+'วันที่ 27'!E186+'วันที่ 28'!E186+'วันที่ 29'!E186+'วันที่ 30'!E186+'วันที่ 31'!E186 -> 0 | D187: ='วันที่ 1'!F187+'วันที่ 2 '!F186+'วันที่ 3'!F186+'วันที่ 4'!F186+'วันที่ 5'!F186+'วันที่ 6'!F186+'วันที่ 7'!F186+'วันที่ 8'!F186+'วันที่ 9'!F186+'วันที่ 10'!F186+'วันที่11'!F186+'วันที่12'!F186+'วันที่13'!F187+'วันที่ 14'!F186+'วันที่ 15'!F186+'วันที่ 16'!F186+'วันที่ 17'!F186+'วันที่ 18'!F186+'วันที่ 19'!F186+'วันที่ 20'!F186+'วันที่ 21'!F186+'วันที่ 22'!F186+'วันที่ 23'!F186+'วันที่ 24'!F186+'วันที่ 25'!F186+'วันที่ 26'!F186+'วันที่ 27'!F186+'วันที่ 28'!F186+'วันที่ 29'!F186+'วันที่ 30'!F186+'วันที่ 31'!F186 -> 0 | E187: ='วันที่ 1'!G187+'วันที่ 2 '!G186+'วันที่ 3'!G186+'วันที่ 4'!G186+'วันที่ 5'!G186+'วันที่ 6'!G186+'วันที่ 7'!G186+'วันที่ 8'!G186+'วันที่ 9'!G186+'วันที่ 10'!G186+'วันที่11'!G186+'วันที่12'!G186+'วันที่13'!G187+'วันที่ 14'!G186+'วันที่ 15'!G186+'วันที่ 16'!G186+'วันที่ 17'!G186+'วันที่ 18'!G186+'วันที่ 19'!G186+'วันที่ 20'!G186+'วันที่ 21'!G186+'วันที่ 22'!G186+'วันที่ 23'!G186+'วันที่ 24'!G186+'วันที่ 25'!G186+'วันที่ 26'!G186+'วันที่ 27'!G186+'วันที่ 28'!G186+'วันที่ 29'!G186+'วันที่ 30'!G186+'วันที่ 31'!G186 -> 0 | F187: ='วันที่ 31'!K186 -> 1
A188: 1500181 | B188: ผงคัสตาร์ด 300 กรัม | C188: ='วันที่ 1'!E188+'วันที่ 2 '!E187+'วันที่ 3'!E187+'วันที่ 4'!E187+'วันที่ 5'!E187+'วันที่ 6'!E187+'วันที่ 7'!E187+'วันที่ 8'!E187+'วันที่ 9'!E187+'วันที่ 10'!E187+'วันที่11'!E187+'วันที่12'!E187+'วันที่13'!E188+'วันที่ 14'!E187+'วันที่ 15'!E187+'วันที่ 16'!E187+'วันที่ 17'!E187+'วันที่ 18'!E187+'วันที่ 19'!E187+'วันที่ 20'!E187+'วันที่ 21'!E187+'วันที่ 22'!E187+'วันที่ 23'!E187+'วันที่ 24'!E187+'วันที่ 25'!E187+'วันที่ 26'!E187+'วันที่ 27'!E187+'วันที่ 28'!E187+'วันที่ 29'!E187+'วันที่ 30'!E187+'วันที่ 31'!E187 -> 0 | D188: ='วันที่ 1'!F188+'วันที่ 2 '!F187+'วันที่ 3'!F187+'วันที่ 4'!F187+'วันที่ 5'!F187+'วันที่ 6'!F187+'วันที่ 7'!F187+'วันที่ 8'!F187+'วันที่ 9'!F187+'วันที่ 10'!F187+'วันที่11'!F187+'วันที่12'!F187+'วันที่13'!F188+'วันที่ 14'!F187+'วันที่ 15'!F187+'วันที่ 16'!F187+'วันที่ 17'!F187+'วันที่ 18'!F187+'วันที่ 19'!F187+'วันที่ 20'!F187+'วันที่ 21'!F187+'วันที่ 22'!F187+'วันที่ 23'!F187+'วันที่ 24'!F187+'วันที่ 25'!F187+'วันที่ 26'!F187+'วันที่ 27'!F187+'วันที่ 28'!F187+'วันที่ 29'!F187+'วันที่ 30'!F187+'วันที่ 31'!F187 -> 0 | E188: ='วันที่ 1'!G188+'วันที่ 2 '!G187+'วันที่ 3'!G187+'วันที่ 4'!G187+'วันที่ 5'!G187+'วันที่ 6'!G187+'วันที่ 7'!G187+'วันที่ 8'!G187+'วันที่ 9'!G187+'วันที่ 10'!G187+'วันที่11'!G187+'วันที่12'!G187+'วันที่13'!G188+'วันที่ 14'!G187+'วันที่ 15'!G187+'วันที่ 16'!G187+'วันที่ 17'!G187+'วันที่ 18'!G187+'วันที่ 19'!G187+'วันที่ 20'!G187+'วันที่ 21'!G187+'วันที่ 22'!G187+'วันที่ 23'!G187+'วันที่ 24'!G187+'วันที่ 25'!G187+'วันที่ 26'!G187+'วันที่ 27'!G187+'วันที่ 28'!G187+'วันที่ 29'!G187+'วันที่ 30'!G187+'วันที่ 31'!G187 -> 0 | F188: ='วันที่ 31'!K187 -> 0
A189: 3100111 | B189: น้ำยาล้างห้องน้ำมิสเตอร์มัสเซิล สีม่วง 3500 มล. | C189: ='วันที่ 1'!E189+'วันที่ 2 '!E188+'วันที่ 3'!E188+'วันที่ 4'!E188+'วันที่ 5'!E188+'วันที่ 6'!E188+'วันที่ 7'!E188+'วันที่ 8'!E188+'วันที่ 9'!E188+'วันที่ 10'!E188+'วันที่11'!E188+'วันที่12'!E188+'วันที่13'!E189+'วันที่ 14'!E188+'วันที่ 15'!E188+'วันที่ 16'!E188+'วันที่ 17'!E188+'วันที่ 18'!E188+'วันที่ 19'!E188+'วันที่ 20'!E188+'วันที่ 21'!E188+'วันที่ 22'!E188+'วันที่ 23'!E188+'วันที่ 24'!E188+'วันที่ 25'!E188+'วันที่ 26'!E188+'วันที่ 27'!E188+'วันที่ 28'!E188+'วันที่ 29'!E188+'วันที่ 30'!E188+'วันที่ 31'!E188 -> 0 | D189: ='วันที่ 1'!F189+'วันที่ 2 '!F188+'วันที่ 3'!F188+'วันที่ 4'!F188+'วันที่ 5'!F188+'วันที่ 6'!F188+'วันที่ 7'!F188+'วันที่ 8'!F188+'วันที่ 9'!F188+'วันที่ 10'!F188+'วันที่11'!F188+'วันที่12'!F188+'วันที่13'!F189+'วันที่ 14'!F188+'วันที่ 15'!F188+'วันที่ 16'!F188+'วันที่ 17'!F188+'วันที่ 18'!F188+'วันที่ 19'!F188+'วันที่ 20'!F188+'วันที่ 21'!F188+'วันที่ 22'!F188+'วันที่ 23'!F188+'วันที่ 24'!F188+'วันที่ 25'!F188+'วันที่ 26'!F188+'วันที่ 27'!F188+'วันที่ 28'!F188+'วันที่ 29'!F188+'วันที่ 30'!F188+'วันที่ 31'!F188 -> 0 | E189: ='วันที่ 1'!G189+'วันที่ 2 '!G188+'วันที่ 3'!G188+'วันที่ 4'!G188+'วันที่ 5'!G188+'วันที่ 6'!G188+'วันที่ 7'!G188+'วันที่ 8'!G188+'วันที่ 9'!G188+'วันที่ 10'!G188+'วันที่11'!G188+'วันที่12'!G188+'วันที่13'!G189+'วันที่ 14'!G188+'วันที่ 15'!G188+'วันที่ 16'!G188+'วันที่ 17'!G188+'วันที่ 18'!G188+'วันที่ 19'!G188+'วันที่ 20'!G188+'วันที่ 21'!G188+'วันที่ 22'!G188+'วันที่ 23'!G188+'วันที่ 24'!G188+'วันที่ 25'!G188+'วันที่ 26'!G188+'วันที่ 27'!G188+'วันที่ 28'!G188+'วันที่ 29'!G188+'วันที่ 30'!G188+'วันที่ 31'!G188 -> 0 | F189: ='วันที่ 31'!K188 -> 2
A190: 1500326 | B190: เอโร่ ปูอัดแช่แข็ง 1 กก. | C190: ='วันที่ 1'!E190+'วันที่ 2 '!E189+'วันที่ 3'!E189+'วันที่ 4'!E189+'วันที่ 5'!E189+'วันที่ 6'!E189+'วันที่ 7'!E189+'วันที่ 8'!E189+'วันที่ 9'!E189+'วันที่ 10'!E189+'วันที่11'!E189+'วันที่12'!E189+'วันที่13'!E190+'วันที่ 14'!E189+'วันที่ 15'!E189+'วันที่ 16'!E189+'วันที่ 17'!E189+'วันที่ 18'!E189+'วันที่ 19'!E189+'วันที่ 20'!E189+'วันที่ 21'!E189+'วันที่ 22'!E189+'วันที่ 23'!E189+'วันที่ 24'!E189+'วันที่ 25'!E189+'วันที่ 26'!E189+'วันที่ 27'!E189+'วันที่ 28'!E189+'วันที่ 29'!E189+'วันที่ 30'!E189+'วันที่ 31'!E189 -> 0 | D190: ='วันที่ 1'!F190+'วันที่ 2 '!F189+'วันที่ 3'!F189+'วันที่ 4'!F189+'วันที่ 5'!F189+'วันที่ 6'!F189+'วันที่ 7'!F189+'วันที่ 8'!F189+'วันที่ 9'!F189+'วันที่ 10'!F189+'วันที่11'!F189+'วันที่12'!F189+'วันที่13'!F190+'วันที่ 14'!F189+'วันที่ 15'!F189+'วันที่ 16'!F189+'วันที่ 17'!F189+'วันที่ 18'!F189+'วันที่ 19'!F189+'วันที่ 20'!F189+'วันที่ 21'!F189+'วันที่ 22'!F189+'วันที่ 23'!F189+'วันที่ 24'!F189+'วันที่ 25'!F189+'วันที่ 26'!F189+'วันที่ 27'!F189+'วันที่ 28'!F189+'วันที่ 29'!F189+'วันที่ 30'!F189+'วันที่ 31'!F189 -> 0 | E190: ='วันที่ 1'!G190+'วันที่ 2 '!G189+'วันที่ 3'!G189+'วันที่ 4'!G189+'วันที่ 5'!G189+'วันที่ 6'!G189+'วันที่ 7'!G189+'วันที่ 8'!G189+'วันที่ 9'!G189+'วันที่ 10'!G189+'วันที่11'!G189+'วันที่12'!G189+'วันที่13'!G190+'วันที่ 14'!G189+'วันที่ 15'!G189+'วันที่ 16'!G189+'วันที่ 17'!G189+'วันที่ 18'!G189+'วันที่ 19'!G189+'วันที่ 20'!G189+'วันที่ 21'!G189+'วันที่ 22'!G189+'วันที่ 23'!G189+'วันที่ 24'!G189+'วันที่ 25'!G189+'วันที่ 26'!G189+'วันที่ 27'!G189+'วันที่ 28'!G189+'วันที่ 29'!G189+'วันที่ 30'!G189+'วันที่ 31'!G189 -> 0 | F190: ='วันที่ 31'!K189 -> 1
A191: 1070022 | B191: แป้งแพนเค้ก ตราอิมพีเรียล 1 กก. | C191: ='วันที่ 1'!E191+'วันที่ 2 '!E190+'วันที่ 3'!E190+'วันที่ 4'!E190+'วันที่ 5'!E190+'วันที่ 6'!E190+'วันที่ 7'!E190+'วันที่ 8'!E190+'วันที่ 9'!E190+'วันที่ 10'!E190+'วันที่11'!E190+'วันที่12'!E190+'วันที่13'!E191+'วันที่ 14'!E190+'วันที่ 15'!E190+'วันที่ 16'!E190+'วันที่ 17'!E190+'วันที่ 18'!E190+'วันที่ 19'!E190+'วันที่ 20'!E190+'วันที่ 21'!E190+'วันที่ 22'!E190+'วันที่ 23'!E190+'วันที่ 24'!E190+'วันที่ 25'!E190+'วันที่ 26'!E190+'วันที่ 27'!E190+'วันที่ 28'!E190+'วันที่ 29'!E190+'วันที่ 30'!E190+'วันที่ 31'!E190 -> 0 | D191: ='วันที่ 1'!F191+'วันที่ 2 '!F190+'วันที่ 3'!F190+'วันที่ 4'!F190+'วันที่ 5'!F190+'วันที่ 6'!F190+'วันที่ 7'!F190+'วันที่ 8'!F190+'วันที่ 9'!F190+'วันที่ 10'!F190+'วันที่11'!F190+'วันที่12'!F190+'วันที่13'!F191+'วันที่ 14'!F190+'วันที่ 15'!F190+'วันที่ 16'!F190+'วันที่ 17'!F190+'วันที่ 18'!F190+'วันที่ 19'!F190+'วันที่ 20'!F190+'วันที่ 21'!F190+'วันที่ 22'!F190+'วันที่ 23'!F190+'วันที่ 24'!F190+'วันที่ 25'!F190+'วันที่ 26'!F190+'วันที่ 27'!F190+'วันที่ 28'!F190+'วันที่ 29'!F190+'วันที่ 30'!F190+'วันที่ 31'!F190 -> 0 | E191: ='วันที่ 1'!G191+'วันที่ 2 '!G190+'วันที่ 3'!G190+'วันที่ 4'!G190+'วันที่ 5'!G190+'วันที่ 6'!G190+'วันที่ 7'!G190+'วันที่ 8'!G190+'วันที่ 9'!G190+'วันที่ 10'!G190+'วันที่11'!G190+'วันที่12'!G190+'วันที่13'!G191+'วันที่ 14'!G190+'วันที่ 15'!G190+'วันที่ 16'!G190+'วันที่ 17'!G190+'วันที่ 18'!G190+'วันที่ 19'!G190+'วันที่ 20'!G190+'วันที่ 21'!G190+'วันที่ 22'!G190+'วันที่ 23'!G190+'วันที่ 24'!G190+'วันที่ 25'!G190+'วันที่ 26'!G190+'วันที่ 27'!G190+'วันที่ 28'!G190+'วันที่ 29'!G190+'วันที่ 30'!G190+'วันที่ 31'!G190 -> 0 | F191: ='วันที่ 31'!K190 -> 2
A192: 3200254 | B192: ถุงบีบเค้ก ไซส์ M | C192: ='วันที่ 1'!E192+'วันที่ 2 '!E191+'วันที่ 3'!E191+'วันที่ 4'!E191+'วันที่ 5'!E191+'วันที่ 6'!E191+'วันที่ 7'!E191+'วันที่ 8'!E191+'วันที่ 9'!E191+'วันที่ 10'!E191+'วันที่11'!E191+'วันที่12'!E191+'วันที่13'!E192+'วันที่ 14'!E191+'วันที่ 15'!E191+'วันที่ 16'!E191+'วันที่ 17'!E191+'วันที่ 18'!E191+'วันที่ 19'!E191+'วันที่ 20'!E191+'วันที่ 21'!E191+'วันที่ 22'!E191+'วันที่ 23'!E191+'วันที่ 24'!E191+'วันที่ 25'!E191+'วันที่ 26'!E191+'วันที่ 27'!E191+'วันที่ 28'!E191+'วันที่ 29'!E191+'วันที่ 30'!E191+'วันที่ 31'!E191 -> 0 | D192: ='วันที่ 1'!F192+'วันที่ 2 '!F191+'วันที่ 3'!F191+'วันที่ 4'!F191+'วันที่ 5'!F191+'วันที่ 6'!F191+'วันที่ 7'!F191+'วันที่ 8'!F191+'วันที่ 9'!F191+'วันที่ 10'!F191+'วันที่11'!F191+'วันที่12'!F191+'วันที่13'!F192+'วันที่ 14'!F191+'วันที่ 15'!F191+'วันที่ 16'!F191+'วันที่ 17'!F191+'วันที่ 18'!F191+'วันที่ 19'!F191+'วันที่ 20'!F191+'วันที่ 21'!F191+'วันที่ 22'!F191+'วันที่ 23'!F191+'วันที่ 24'!F191+'วันที่ 25'!F191+'วันที่ 26'!F191+'วันที่ 27'!F191+'วันที่ 28'!F191+'วันที่ 29'!F191+'วันที่ 30'!F191+'วันที่ 31'!F191 -> 0 | E192: ='วันที่ 1'!G192+'วันที่ 2 '!G191+'วันที่ 3'!G191+'วันที่ 4'!G191+'วันที่ 5'!G191+'วันที่ 6'!G191+'วันที่ 7'!G191+'วันที่ 8'!G191+'วันที่ 9'!G191+'วันที่ 10'!G191+'วันที่11'!G191+'วันที่12'!G191+'วันที่13'!G192+'วันที่ 14'!G191+'วันที่ 15'!G191+'วันที่ 16'!G191+'วันที่ 17'!G191+'วันที่ 18'!G191+'วันที่ 19'!G191+'วันที่ 20'!G191+'วันที่ 21'!G191+'วันที่ 22'!G191+'วันที่ 23'!G191+'วันที่ 24'!G191+'วันที่ 25'!G191+'วันที่ 26'!G191+'วันที่ 27'!G191+'วันที่ 28'!G191+'วันที่ 29'!G191+'วันที่ 30'!G191+'วันที่ 31'!G191 -> 0 | F192: ='วันที่ 31'!K191 -> 20
A193: 3200232 | B193: ถุงบีบเค้ก ไซส์ L | C193: ='วันที่ 1'!E193+'วันที่ 2 '!E192+'วันที่ 3'!E192+'วันที่ 4'!E192+'วันที่ 5'!E192+'วันที่ 6'!E192+'วันที่ 7'!E192+'วันที่ 8'!E192+'วันที่ 9'!E192+'วันที่ 10'!E192+'วันที่11'!E192+'วันที่12'!E192+'วันที่13'!E193+'วันที่ 14'!E192+'วันที่ 15'!E192+'วันที่ 16'!E192+'วันที่ 17'!E192+'วันที่ 18'!E192+'วันที่ 19'!E192+'วันที่ 20'!E192+'วันที่ 21'!E192+'วันที่ 22'!E192+'วันที่ 23'!E192+'วันที่ 24'!E192+'วันที่ 25'!E192+'วันที่ 26'!E192+'วันที่ 27'!E192+'วันที่ 28'!E192+'วันที่ 29'!E192+'วันที่ 30'!E192+'วันที่ 31'!E192 -> 0 | D193: ='วันที่ 1'!F193+'วันที่ 2 '!F192+'วันที่ 3'!F192+'วันที่ 4'!F192+'วันที่ 5'!F192+'วันที่ 6'!F192+'วันที่ 7'!F192+'วันที่ 8'!F192+'วันที่ 9'!F192+'วันที่ 10'!F192+'วันที่11'!F192+'วันที่12'!F192+'วันที่13'!F193+'วันที่ 14'!F192+'วันที่ 15'!F192+'วันที่ 16'!F192+'วันที่ 17'!F192+'วันที่ 18'!F192+'วันที่ 19'!F192+'วันที่ 20'!F192+'วันที่ 21'!F192+'วันที่ 22'!F192+'วันที่ 23'!F192+'วันที่ 24'!F192+'วันที่ 25'!F192+'วันที่ 26'!F192+'วันที่ 27'!F192+'วันที่ 28'!F192+'วันที่ 29'!F192+'วันที่ 30'!F192+'วันที่ 31'!F192 -> 0 | E193: ='วันที่ 1'!G193+'วันที่ 2 '!G192+'วันที่ 3'!G192+'วันที่ 4'!G192+'วันที่ 5'!G192+'วันที่ 6'!G192+'วันที่ 7'!G192+'วันที่ 8'!G192+'วันที่ 9'!G192+'วันที่ 10'!G192+'วันที่11'!G192+'วันที่12'!G192+'วันที่13'!G193+'วันที่ 14'!G192+'วันที่ 15'!G192+'วันที่ 16'!G192+'วันที่ 17'!G192+'วันที่ 18'!G192+'วันที่ 19'!G192+'วันที่ 20'!G192+'วันที่ 21'!G192+'วันที่ 22'!G192+'วันที่ 23'!G192+'วันที่ 24'!G192+'วันที่ 25'!G192+'วันที่ 26'!G192+'วันที่ 27'!G192+'วันที่ 28'!G192+'วันที่ 29'!G192+'วันที่ 30'!G192+'วันที่ 31'!G192 -> 0 | F193: ='วันที่ 31'!K192 -> 3
A194: 1080026 | B194: แผ่นสาหร่ายทะเลห่อข้าว 105ก. | C194: ='วันที่ 1'!E194+'วันที่ 2 '!E193+'วันที่ 3'!E193+'วันที่ 4'!E193+'วันที่ 5'!E193+'วันที่ 6'!E193+'วันที่ 7'!E193+'วันที่ 8'!E193+'วันที่ 9'!E193+'วันที่ 10'!E193+'วันที่11'!E193+'วันที่12'!E193+'วันที่13'!E194+'วันที่ 14'!E193+'วันที่ 15'!E193+'วันที่ 16'!E193+'วันที่ 17'!E193+'วันที่ 18'!E193+'วันที่ 19'!E193+'วันที่ 20'!E193+'วันที่ 21'!E193+'วันที่ 22'!E193+'วันที่ 23'!E193+'วันที่ 24'!E193+'วันที่ 25'!E193+'วันที่ 26'!E193+'วันที่ 27'!E193+'วันที่ 28'!E193+'วันที่ 29'!E193+'วันที่ 30'!E193+'วันที่ 31'!E193 -> 0 | D194: ='วันที่ 1'!F194+'วันที่ 2 '!F193+'วันที่ 3'!F193+'วันที่ 4'!F193+'วันที่ 5'!F193+'วันที่ 6'!F193+'วันที่ 7'!F193+'วันที่ 8'!F193+'วันที่ 9'!F193+'วันที่ 10'!F193+'วันที่11'!F193+'วันที่12'!F193+'วันที่13'!F194+'วันที่ 14'!F193+'วันที่ 15'!F193+'วันที่ 16'!F193+'วันที่ 17'!F193+'วันที่ 18'!F193+'วันที่ 19'!F193+'วันที่ 20'!F193+'วันที่ 21'!F193+'วันที่ 22'!F193+'วันที่ 23'!F193+'วันที่ 24'!F193+'วันที่ 25'!F193+'วันที่ 26'!F193+'วันที่ 27'!F193+'วันที่ 28'!F193+'วันที่ 29'!F193+'วันที่ 30'!F193+'วันที่ 31'!F193 -> 0 | E194: ='วันที่ 1'!G194+'วันที่ 2 '!G193+'วันที่ 3'!G193+'วันที่ 4'!G193+'วันที่ 5'!G193+'วันที่ 6'!G193+'วันที่ 7'!G193+'วันที่ 8'!G193+'วันที่ 9'!G193+'วันที่ 10'!G193+'วันที่11'!G193+'วันที่12'!G193+'วันที่13'!G194+'วันที่ 14'!G193+'วันที่ 15'!G193+'วันที่ 16'!G193+'วันที่ 17'!G193+'วันที่ 18'!G193+'วันที่ 19'!G193+'วันที่ 20'!G193+'วันที่ 21'!G193+'วันที่ 22'!G193+'วันที่ 23'!G193+'วันที่ 24'!G193+'วันที่ 25'!G193+'วันที่ 26'!G193+'วันที่ 27'!G193+'วันที่ 28'!G193+'วันที่ 29'!G193+'วันที่ 30'!G193+'วันที่ 31'!G193 -> 0 | F194: ='วันที่ 31'!K193 -> 2

Sheet วันที่ 1
A1: Stock
A3: Code | B3: รายการ | C3: ยอดยกมาจากวันที่ 31 | D3: รับเข้า | E3: department | H3: Onstock | I3: Par stock | J3: Status | K3: ยอดยกไป
E4: Breakfast | F4: Canteen | G4: A la carte
A5: ='Monthly Summary'!A5 -> 1000005 | B5: ='Monthly Summary'!B5 -> เกลือ ปรุงทิพย์ 1000 กรัม | C5: 8 | H5: =(C5+D5)-E5-F5-G5 -> 8 | I5: 10 | J5: =IF(H5<I5,"Need to Order",IF(H5>=I5," ")) -> Need to Order | K5: =H5 -> 8
A6: ='Monthly Summary'!A6 -> 1000018 | B6: ='Monthly Summary'!B6 -> เต้าเจี้ยวสูตร 1 เด็กสมบูรณ์ 800 มล.*3 | C6: 1 | H6: =C6+D6-E6-F6-G6 -> 1 | I6: 2 | J6: =IF(H6<I6,"Need to Order",IF(H6>=I6," ")) -> Need to Order | K6: =H6 -> 1
A7: ='Monthly Summary'!A7 -> 1000015 | B7: ='Monthly Summary'!B7 -> ซีอิ้วดำสูตร 5 เด็กสมบูรณ์ 940ml. | C7: 2 | H7: =C7+D7-E7-F7-G7 -> 2 | I7: 4 | J7: =IF(H7<I7,"Need to Order",IF(H7>=I7," ")) -> Need to Order | K7: =H7 -> 2
A8: ='Monthly Summary'!A8 -> 1000025 | B8: ='Monthly Summary'!B8 -> น้ำมันน้ำพริกเผา ฉั่วฮะเส็ง 700 ml. | C8: 3 | H8: =C8+D8-E8-F8-G8 -> 3 | I8: 3 | J8: =IF(H8<I8,"Need to Order",IF(H8>=I8," ")) | K8: =H8 -> 3
A9: ='Monthly Summary'!A9 -> 1000022 | B9: ='Monthly Summary'!B9 -> น้ำพริกเผาฉัวฮะเส็ง 2700g. | C9: 2 | H9: =C9+D9-E9-F9-G9 -> 2 | I9: 3 | J9: =IF(H9<I9,"Need to Order",IF(H9>=I9," ")) -> Need to Order | K9: =H9 -> 2
A10: ='Monthly Summary'!A10 -> 1000057 | B10: ='Monthly Summary'!B10 -> ผงปรุงรส อาหารญี่ปุ่น ฮอนดาชิ 1กก. | C10: 3 | H10: =C10+D10-E10-F10-G10 -> 3 | I10: 6 | J10: =IF(H10<I10,"Need to Order",IF(H10>=I10," ")) -> Need to Order | K10: =H10 -> 3
A11: 1000214 | B11: ซอสมะเขือเทศเข้มข้น ตราไมก้า 560 กรัม/กระป๋อง | C11: 1 | H11: =C11+D11-E11-F11-G11 -> 1 | I11: 2 | J11: =IF(H11<I11,"Need to Order",IF(H11>=I11," ")) -> Need to Order | K11: =H11 -> 1
A12: ='Monthly Summary'!A12 -> 1010017 | B12: ='Monthly Summary'!B12 -> ปลากระป๋อง | C12: 78 | H12: =C12+D12-E12-F12-G12 -> 78 | I12: 135 | J12: =IF(H12<I12,"Need to Order",IF(H12>=I12," ")) -> Need to Order | K12: =H12 -> 78
A13: ='Monthly Summary'!A13 -> 1010033 | B13: ='Monthly Summary'!B13 -> ปลาทูน่าในน้ำมันตราซีเล็คทูน่า 1800 กรัม*1 | C13: 3 | H13: =C13+D13-E13-F13-G13 -> 3 | I13: 6 | J13: =IF(H13<I13,"Need to Order",IF(H13>=I13," ")) -> Need to Order | K13: =H13 -> 3
A14: ='Monthly Summary'!A14 -> 1050003 | B14: ='Monthly Summary'!B14 -> น้ำตาลทรายขาวมิตรผล 1 กก.*ถุง | C14: 63 | H14: =C14+D14-E14-F14-G14 -> 63 | I14: 110 | J14: =IF(H14<I14,"Need to Order",IF(H14>=I14," ")) -> Need to Order | K14: =H14 -> 63
A15: ='Monthly Summary'!A15 -> 1050037 | B15: ='Monthly Summary'!B15 -> น้ำตาลอ้อยผสมน้ำตาลมะพร้าว มิตรผล 1กก*ถุง | C15: =4+6+9 -> 19 | H15: =C15+D15-E15-F15-G15 -> 19 | I15: 20 | J15: =IF(H15<I15,"Need to Order",IF(H15>=I15," ")) -> Need to Order | K15: =H15 -> 19
A16: ='Monthly Summary'!A16 -> 1380073 | B16: ='Monthly Summary'!B16 -> เอโร่ แป้งข้าวโพด 1 กก. | C16: 1 | H16: =C16+D16-E16-F16-G16 -> 1 | I16: 3 | J16: =IF(H16<I16,"Need to Order",IF(H16>=I16," ")) -> Need to Order | K16: =H16 -> 1
A17: ='Monthly Summary'!A17 -> 1070009 | B17: ='Monthly Summary'!B17 -> แป้งว่าว เอนกประสงค์ 1 กก.*ถุง | C17: =9+7 -> 16 | H17: =C17+D17-E17-F17-G17 -> 16 | I17: 24 | J17: =IF(H17<I17,"Need to Order",IF(H17>=I17," ")) -> Need to Order | K17: =H17 -> 16
A18: ='Monthly Summary'!A18 -> 1070012 | B18: ='Monthly Summary'!B18 -> แป้งหงส์ขาว แป้งขนมปัง (แป้งห่าน) 1 กก.*ถุง | C18: 2 | H18: =C18+D18-E18-F18-G18 -> 2 | I18: 12 | J18: =IF(H18<I18,"Need to Order",IF(H18>=I18," ")) -> Need to Order | K18: =H18 -> 2
A19: ='Monthly Summary'!A19 -> 1070029 | B19: ='Monthly Summary'!B19 -> แป้งทอดกรอบ 1000กรัม | C19: =10+11 -> 21 | G19: 2 | H19: =C19+D19-E19-F19-G19 -> 19 | I19: 45 | J19: =IF(H19<I19,"Need to Order",IF(H19>=I19," ")) -> Need to Order | K19: =H19 -> 19
A20: ='Monthly Summary'!A20 -> 1390087 | B20: ='Monthly Summary'!B20 -> เส้นสปาเก็ตตี้ ตราโบกาซารี่ 500ก.*ห่อ | C20: 9 | H20: =C20+D20-E20-F20-G20 -> 9 | I20: 16 | J20: =IF(H20<I20,"Need to Order",IF(H20>=I20," ")) -> Need to Order | K20: =H20 -> 9
A21: ='Monthly Summary'!A21 -> 1000037 | B21: ='Monthly Summary'!B21 -> อโรมาตคนอร์ 1 ก.ก. | C21: 2 | H21: =C21+D21-E21-F21-G21 -> 2 | I21: 4 | J21: =IF(H21<I21,"Need to Order",IF(H21>=I21," ")) -> Need to Order | K21: =H21 -> 2
A22: ='Monthly Summary'!A22 | B22: ='Monthly Summary'!B22 | H22: =C22+D22-E22-F22-G22 -> 0 | J22: =IF(H22<I22,"Need to Order",IF(H22>=I22," ")) | K22: =H22 -> 0
A23: ='Monthly Summary'!A23 -> 1000059 | B23: ='Monthly Summary'!B23 -> ซุปรสเนื้อคนอร์ 1.5 ก.ก. | C23: 4 | H23: =C23+D23-E23-F23-G23 -> 4 | I23: 4 | J23: =IF(H23<I23,"Need to Order",IF(H23>=I23," ")) | K23: =H23 -> 4
A24: ='Monthly Summary'!A24 -> 1000106 | B24: ='Monthly Summary'!B24 -> บราวน์ซอส ตราคนอร์ 1 กก. | C24: 4 | H24: =C24+D24-E24-F24-G24 -> 4 | I24: 7 | J24: =IF(H24<I24,"Need to Order",IF(H24>=I24," ")) -> Need to Order | K24: =H24 -> 4
A25: ='Monthly Summary'!A25 -> 1000162 | B25: ='Monthly Summary'!B25 -> ผงปรุงรสเดมิเกลซ ตราคนอร์ 1 กก. | C25: 0 | H25: =C25+D25-E25-F25-G25 -> 0 | I25: 5 | J25: =IF(H25<I25,"Need to Order",IF(H25>=I25," ")) -> Need to Order | K25: =H25 -> 0
A26: ='Monthly Summary'!A26 -> 1000108 | B26: ='Monthly Summary'!B26 -> น้ำปลาทิพรส 4.5 ลิตร | C26: 4 | H26: =C26+D26-E26-F26-G26 -> 4 | I26: 9 | J26: =IF(H26<I26,"Need to Order",IF(H26>=I26," ")) -> Need to Order | K26: =H26 -> 4
A27: ='Monthly Summary'!A27 -> 1000111 | B27: ='Monthly Summary'!B27 -> ผงชูรสอายิโนะโมะโตะ 1กก. | C27: 0 | H27: =C27+D27-E27-F27-G27 -> 0 | I27: 6 | J27: =IF(H27<I27,"Need to Order",IF(H27>=I27," ")) -> Need to Order | K27: =H27 -> 0
A28: ='Monthly Summary'!A28 -> 1000210 | B28: ='Monthly Summary'!B28 -> อายิโนะโมะโต๊ะ ผงรสมะนาว 400 ก. | C28: 6 | H28: =C28+D28-E28-F28-G28 -> 6 | I28: 9 | J28: =IF(H28<I28,"Need to Order",IF(H28>=I28," ")) -> Need to Order | K28: =H28 -> 6
A29: ='Monthly Summary'!A29 -> 1000158 | B29: ='Monthly Summary'!B29 -> ซอสเห็ดหอม (สูตรเจ) ตราเด็กสมบูรณ์ 800มล.*ขวด | C29: 2 | H29: =C29+D29-E29-F29-G29 -> 2 | I29: 3 | J29: =IF(H29<I29,"Need to Order",IF(H29>=I29," ")) -> Need to Order | K29: =H29 -> 2
A30: ='Monthly Summary'!A30 -> 1000168 | B30: ='Monthly Summary'!B30 -> ซอสมะขามเปียกเข้มข้นคนอร์ 1 กก. | C30: 11 | H30: =C30+D30-E30-F30-G30 -> 11 | I30: 18 | J30: =IF(H30<I30,"Need to Order",IF(H30>=I30," ")) -> Need to Order | K30: =H30 -> 11
A31: ='Monthly Summary'!A31 -> 1000191 | B31: ='Monthly Summary'!B31 -> ผงปรุงรสเห็ดหอม ตราฟ้าไทย 800กรัม*ถุง | C31: 2 | H31: =C31+D31-E31-F31-G31 -> 2 | I31: 3 | J31: =IF(H31<I31,"Need to Order",IF(H31>=I31," ")) -> Need to Order | K31: =H31 -> 2
A32: ='Monthly Summary'!A32 -> 1000179 | B32: ='Monthly Summary'!B32 -> ผงรสดีไก่ 1.5 กก. | C32: 9 | H32: =C32+D32-E32-F32-G32 -> 9 | I32: 30 | J32: =IF(H32<I32,"Need to Order",IF(H32>=I32," ")) -> Need to Order | K32: =H32 -> 9
A33: ='Monthly Summary'!A33 -> 1040014 | B33: ='Monthly Summary'!B33 -> กะทิ100% ตรา อร่อยดี 1L. | C33: =9+20+30 -> 59 | H33: =C33+D33-E33-F33-G33 -> 59 | I33: 132 | J33: =IF(H33<I33,"Need to Order",IF(H33>=I33," ")) -> Need to Order | K33: =H33 -> 59
A34: ='Monthly Summary'!A34 -> 1110009 | B34: ='Monthly Summary'!B34 -> โบนัส น้ำมันปาล์ม ถัง 18 ล. | C34: 4 | H34: =C34+D34-E34-F34-G34 -> 4 | I34: 10 | J34: =IF(H34<I34,"Need to Order",IF(H34>=I34," ")) -> Need to Order | K34: =H34 -> 4
A35: ='Monthly Summary'!A35 -> 1500271 | B35: ='Monthly Summary'!B35 -> มายองเนส ตราเอโร่ 1000 กรัม*1 | C35: 9 | H35: =C35+D35-E35-F35-G35 -> 9 | I35: 12 | J35: =IF(H35<I35,"Need to Order",IF(H35>=I35," ")) -> Need to Order | K35: =H35 -> 9
A36: ='Monthly Summary'!A36 -> 1500052 | B36: ='Monthly Summary'!B36 -> มายองเนส (เรียล) เบสท์ฟูดส์ 1กก*ถุง (อะราคาส) | C36: 7 | H36: =C36+D36-E36-F36-G36 -> 7 | I36: 9 | J36: =IF(H36<I36,"Need to Order",IF(H36>=I36," ")) -> Need to Order | K36: =H36 -> 7
A37: ='Monthly Summary'!A37 -> 1500272 | B37: ='Monthly Summary'!B37 -> น้ำสลัดเทาซัน ไอน์แลนด์ 1กก.*ถุง | C37: 6 | H37: =C37+D37-E37-F37-G37 -> 6 | I37: 13 | J37: =IF(H37<I37,"Need to Order",IF(H37>=I37," ")) -> Need to Order | K37: =H37 -> 6
A38: ='Monthly Summary'!A38 -> 1120026 | B38: ='Monthly Summary'!B38 -> เนยถั่วแบบบดละเอียด ตราจิฟ 454 ก. | C38: 10 | H38: =C38+D38-E38-F38-G38 -> 10 | I38: 15 | J38: =IF(H38<I38,"Need to Order",IF(H38>=I38," ")) -> Need to Order | K38: =H38 -> 10
A39: ='Monthly Summary'!A39 -> 1000001 | B39: ='Monthly Summary'!B39 -> ถั่วขาวในซอสมะเขือเทศ 425 g. | C39: 5 | H39: =C39+D39-E39-F39-G39 -> 5 | I39: 5 | J39: =IF(H39<I39,"Need to Order",IF(H39>=I39," ")) | K39: =H39 -> 5
A40: ='Monthly Summary'!A40 -> 1000019 | B40: ='Monthly Summary'!B40 -> น้ำปรุงรสข้าวซูชิ เอโร่ 1 ลิตร | C40: 4 | H40: =C40+D40-E40-F40-G40 -> 4 | I40: 6 | J40: =IF(H40<I40,"Need to Order",IF(H40>=I40," ")) -> Need to Order | K40: =H40 -> 4
A41: ='Monthly Summary'!A41 -> 1000062 | B41: ='Monthly Summary'!B41 -> ผงปาปริก้า (PAPRIKA) ตราแม็คคอร์มิค 510g.*กระปุก | C41: 1 | H41: =C41+D41-E41-F41-G41 -> 1 | I41: 2 | J41: =IF(H41<I41,"Need to Order",IF(H41>=I41," ")) -> Need to Order | K41: =H41 -> 1
A43: ='Monthly Summary'!A43 -> 1000083 | B43: ='Monthly Summary'!B43 -> น้ำส้มสายชูไวน์ขาว ตรา แบร์ทอลลี ขนาด 500 ml. | C43: 1 | H43: =C43+D43-E43-F43-G43 -> 1 | I43: 3 | J43: =IF(H43<I43,"Need to Order",IF(H43>=I43," ")) -> Need to Order | K43: =H43 -> 1
A44: ='Monthly Summary'!A44 -> 1000211 | B44: ='Monthly Summary'!B44 -> ผงปาปริก้า สูตรปาปริก้า 200 กรัม*ถุง | C44: 3 | H44: =C44+D44-E44-F44-G44 -> 3 | I44: 3 | J44: =IF(H44<I44,"Need to Order",IF(H44>=I44," ")) | K44: =H44 -> 3
A45: ='Monthly Summary'!A45 -> 1050007 | B45: ='Monthly Summary'!B45 -> น้ำตาลกรวด ตราไร่ทิพย์ 500กรัม | C45: 3 | H45: =C45+D45-E45-F45-G45 -> 3 | I45: 4 | J45: =IF(H45<I45,"Need to Order",IF(H45>=I45," ")) -> Need to Order | K45: =H45 -> 3
A46: ='Monthly Summary'!A46 -> 1400036 | B46: ='Monthly Summary'!B46 -> แพคติน 500 กรัม | C46: 2 | H46: =C46+D46-E46-F46-G46 -> 2 | I46: 1 | J46: =IF(H46<I46,"Need to Order",IF(H46>=I46," ")) | K46: =H46 -> 2
... A56: ='Monthly Summary'!A56 -> 1040061 | B56: ='Monthly Summary'!B56 -> ซันควิกน้ำส้มแมนดาริน ชนิดเข้มข้น 1000 มล. | C56: 1 | H56: =C56+D56-E56-F56-G56 -> 1 | I56: 3 | J56: =IF(H56<I56,"Need to Order",IF(H56>=I56," ")) -> Need to Order | K56: =H56 -> 1
A57: ='Monthly Summary'!A57 -> 1050021 | B57: ='Monthly Summary'!B57 -> น้ำเชื่อมรสน้ำผึ้ง ตราอิมพีเรียล 3,550มล.*1 แกลลอน | C57: 5 | H57: =C57+D57-E57-F57-G57 -> 5 | I57: 5 | J57: =IF(H57<I57,"Need to Order",IF(H57>=I57," ")) | K57: =H57 -> 5 | L57: ขอลด5
A58: ='Monthly Summary'!A58 -> 1050022 | B58: ='Monthly Summary'!B58 -> ส้มแมนดารินโดล น้ำเชื่อม 666 กรัม | C58: 5 | H58: =C58+D58-E58-F58-G58 -> 5 | I58: 8 | J58: =IF(H58<I58,"Need to Order",IF(H58>=I58," ")) -> Need to Order | K58: =H58 -> 5
A59: ='Monthly Summary'!A59 -> 1050038 | B59: ='Monthly Summary'!B59 -> น้ำตาลไอซิ่ง 900กรัม*ถุง | C59: 2 | H59: =C59+D59-E59-F59-G59 -> 2 | I59: 4 | J59: =IF(H59<I59,"Need to Order",IF(H59>=I59," ")) -> Need to Order | K59: =H59 -> 2
A60: ='Monthly Summary'!A60 -> 1070006 | B60: ='Monthly Summary'!B60 -> แป้งมัน 500 กรัม | C60: 2 | H60: =C60+D60-E60-F60-G60 -> 2 | I60: 3 | J60: =IF(H60<I60,"Need to Order",IF(H60>=I60," ")) -> Need to Order | K60: =H60 -> 2
A61: ='Monthly Summary'!A61 -> 1070013 | B61: ='Monthly Summary'!B61 -> แป้งเค้กกิเลนแดง 1 กก. | C61: =6+8 -> 14 | H61: =C61+D61-E61-F61-G61 -> 14 | I61: 18 | J61: =IF(H61<I61,"Need to Order",IF(H61>=I61," ")) -> Need to Order | K61: =H61 -> 14
A62: ='Monthly Summary'!A62 -> 1080007 | B62: ='Monthly Summary'!B62 -> โป๊ยกั๊ก ถุง500กรัม | C62: 2 | H62: =C62+D62-E62-F62-G62 -> 2 | I62: 2 | J62: =IF(H62<I62,"Need to Order",IF(H62>=I62," ")) | K62: =H62 -> 2
A63: ='Monthly Summary'!A63 -> 1080006 | B63: ='Monthly Summary'!B63 -> เปลือกไม้หอมชินนาม่อน (อบเชย) ถุง500กรัม | C63: 1 | H63: =C63+D63-E63-F63-G63 -> 1 | I63: 2 | J63: =IF(H63<I63,"Need to Order",IF(H63>=I63," ")) -> Need to Order | K63: =H63 -> 1
A64: ='Monthly Summary'!A64 -> 1080077 | B64: ='Monthly Summary'!B64 -> ผงถั่วอัลมอนด์ไม่มีเปลือก 1 กก. | C64: 1 | H64: =C64+D64-E64-F64-G64 -> 1 | I64: 2 | J64: =IF(H64<I64,"Need to Order",IF(H64>=I64," ")) -> Need to Order | K64: =H64 -> 1
A65: ='Monthly Summary'!A65 -> 1080068 | B65: ='Monthly Summary'!B65 -> ผงพะโล้ 100กรัม | C65: 2 | H65: =C65+D65-E65-F65-G65 -> 2 | I65: 4 | J65: =IF(H65<I65,"Need to Order",IF(H65>=I65," ")) -> Need to Order | K65: =H65 -> 2
A66: ='Monthly Summary'!A66 -> 1200079 | B66: ='Monthly Summary'!B66 -> ข้าวโอ๊ต ตราเอโร่ 1000กรัม | C66: 1 | H66: =C66+D66-E66-F66-G66 -> 1 | I66: 2 | J66: =IF(H66<I66,"Need to Order",IF(H66>=I66," ")) -> Need to Order | K66: =H66 -> 1
A67: ='Monthly Summary'!A67 -> 1110007 | B67: ='Monthly Summary'!B67 -> น้ำมันรำข้าว 100% ตราคิง 5ลิตร | C67: 5 | H67: =C67+D67-E67-F67-G67 -> 5 | I67: 5 | J67: =IF(H67<I67,"Need to Order",IF(H67>=I67," ")) | K67: =H67 -> 5
A68: ='Monthly Summary'!A68 -> 1200087 | B68: ='Monthly Summary'!B68 -> ยีสต์แห้งสำเร็จรูป สีทอง SAF-INSTANT 500 กรัม | C68: 3 | H68: =C68+D68-E68-F68-G68 -> 3 | I68: 5 | J68: =IF(H68<I68,"Need to Order",IF(H68>=I68," ")) -> Need to Order | K68: =H68 -> 3
A69: ='Monthly Summary'!A69 -> 1200084 | B69: ='Monthly Summary'!B69 -> แผ่นเจลาติน เยลลิต้า 20ก.1*5 ซอง | C69: 12 | H69: =C69+D69-E69-F69-G69 -> 12 | I69: 20 | J69: =IF(H69<I69,"Need to Order",IF(H69>=I69," ")) -> Need to Order | K69: =H69 -> 12
A70: ='Monthly Summary'!A70 -> 1200125 | B70: ='Monthly Summary'!B70 -> UFM SP สารเสริมคุณภาพ 1kg. | C70: 0 | H70: =C70+D70-E70-F70-G70 -> 0 | I70: 1 | J70: =IF(H70<I70,"Need to Order",IF(H70>=I70," ")) -> Need to Order | K70: =H70 -> 0
A71: ='Monthly Summary'!A71 -> 12001044 | B71: ='Monthly Summary'!B71 -> ถั่วเม็ดมะม่วงหิมพานต์ครึ่งซีก 1KG*ถุง | C71: 1 | H71: =C71+D71-E71-F71-G71 -> 1 | I71: 2 | J71: =IF(H71<I71,"Need to Order",IF(H71>=I71," ")) -> Need to Order | K71: =H71 -> 1
A72: ='Monthly Summary'!A72 -> 1200127 | B72: ='Monthly Summary'!B72 -> ARO กระเทียมเจียวชนิดแผ่น 270ก.*กระปุก | C72: 14 | H72: =C72+D72-E72-F72-G72 -> 14 | I72: 30 | J72: =IF(H72<I72,"Need to Order",IF(H72>=I72," ")) -> Need to Order | K72: =H72 -> 14
A73: ='Monthly Summary'!A73 -> 1370055 | B73: ='Monthly Summary'!B73 -> El Sabor Guacamole Dip กัวคาโมเล่ ซอสดิพอโวคาโด 300ก. | C73: 3 | H73: =C73+D73-E73-F73-G73 -> 3 | I73: 7 | J73: =IF(H73<I73,"Need to Order",IF(H73>=I73," ")) -> Need to Order | K73: =H73 -> 3
... A110: ='Monthly Summary'!A110 -> 1200091 | B110: ='Monthly Summary'!B110 -> ลูกเดือย 500 กรัม *ห่อ | C110: 2 | H110: =C110+D110-E110-F110-G110 -> 2 | I110: 1 | J110: =IF(H110<I110,"Need to Order",IF(H110>=I110," ")) | K110: =H110 -> 2
A111: ='Monthly Summary'!A111 | B111: ='Monthly Summary'!B111 | J111: =IF(H111<I111,"Need to Order",IF(H111>=I111," ")) | K111: =H111
A112: ='Monthly Summary'!A112 -> 1080009 | B112: ='Monthly Summary'!B112 -> พริกไทยดำเม็ด 500 กรัม | C112: 2 | H112: =C112+D112-E112-F112-G112 -> 2 | I112: 2 | J112: =IF(H112<I112,"Need to Order",IF(H112>=I112," ")) | K112: =H112 -> 2
A113: ='Monthly Summary'!A113 -> 1500294 | B113: ='Monthly Summary'!B113 -> ไข่ม้วน (ไข่หวาน) ญี่ปุ่นแช่แข็ง 500ก.*แพ็ค | C113: 9 | H113: =C113+D113-E113-F113-G113 -> 9 | I113: 12 | J113: =IF(H113<I113,"Need to Order",IF(H113>=I113," ")) -> Need to Order | K113: =H113 -> 9
A114: ='Monthly Summary'!A114 -> 1000050 | B114: ='Monthly Summary'!B114 -> ซอสทาบาสโก้ 60 กรัม(Tabasco Sauce) | C114: 0 | H114: =C114+D114-E114-F114-G114 -> 0 | I114: 3 | J114: =IF(H114<I114,"Need to Order",IF(H114>=I114," ")) -> Need to Order | K114: =H114 -> 0
A115: ='Monthly Summary'!A115 -> 1000071 | B115: ='Monthly Summary'!B115 -> ซอสปรุงรส/ซอสถั่วเหลือง ตราภูเขาทอง ฝาเขียว 3 ลิตร | C115: 0 | H115: =C115+D115-E115-F115-G115 -> 0 | I115: 1 | J115: =IF(H115<I115,"Need to Order",IF(H115>=I115," ")) -> Need to Order | K115: =H115 -> 0
A116: ='Monthly Summary'!A116 | B116: ='Monthly Summary'!B116 | J116: =IF(H116<I116,"Need to Order",IF(H116>=I116," ")) | K116: =H116
A117: ='Monthly Summary'!A117 -> 1000028 | B117: ='Monthly Summary'!B117 -> น้ำส้มสายชู ภูเขาทอง 5 ลิตร | C117: 2 | H117: =C117+D117-E117-F117-G117 -> 2 | I117: 3 | J117: =IF(H117<I117,"Need to Order",IF(H117>=I117," ")) -> Need to Order | K117: =H117 -> 2
A118: ='Monthly Summary'!A118 -> 1000107 | B118: ='Monthly Summary'!B118 -> ซอสพริกศรีราชา สูตรเผ็ด ตราไก่ 540กรัม | C118: 11 | H118: =C118+D118-E118-F118-G118 -> 11 | I118: 11 | J118: =IF(H118<I118,"Need to Order",IF(H118>=I118," ")) | K118: =H118 -> 11
A119: ='Monthly Summary'!A119 -> 1200133 | B119: ='Monthly Summary'!B119 -> ถั่วลิสงเลาะเปลือก 500 กรัม/ห่อ 6ห่อ*แพ็ค | C119: 4 | H119: =C119+D119-E119-F119-G119 -> 4 | I119: 12 | J119: =IF(H119<I119,"Need to Order",IF(H119>=I119," ")) -> Need to Order | K119: =H119 -> 4
A120: ='Monthly Summary'!A120 -> 1070044 | B120: ='Monthly Summary'!B120 -> แป้งกวนไส้ ตราดาว 500 กรัม*ถุง | C120: 2 | H120: =C120+D120-E120-F120-G120 -> 2 | I120: 2 | J120: =IF(H120<I120,"Need to Order",IF(H120>=I120," ")) | K120: =H120 -> 2
A121: ='Monthly Summary'!A121 -> 1080067 | B121: ='Monthly Summary'!B121 -> ผงโรยข้าวโบนิโตะ ปลาโอแห้ง สาหร่าย งา 19ก.*ถุง (ห่อสีดำ) | C121: 15 | H121: =C121+D121-E121-F121-G121 -> 15 | I121: 16 | J121: =IF(H121<I121,"Need to Order",IF(H121>=I121," ")) -> Need to Order | K121: =H121 -> 15
A122: ='Monthly Summary'!A122 -> 1350065 | B122: ='Monthly Summary'!B122 -> ลูกชิ้นปลา นารูโตะมากิ120 กรัม*1 ถุง | C122: 3 | H122: =C122+D122-E122-F122-G122 -> 3 | I122: 4 | J122: =IF(H122<I122,"Need to Order",IF(H122>=I122," ")) -> Need to Order | K122: =H122 -> 3
A123: ='Monthly Summary'!A123 -> 1070024 | B123: ='Monthly Summary'!B123 -> แป้งสาลีอเนกประสงค์ ตราบัวแดง 1กก.*ถุง | C123: 1 | H123: =C123+D123-E123-F123-G123 -> 1 | I123: 2 | J123: =IF(H123<I123,"Need to Order",IF(H123>=I123," ")) -> Need to Order | K123: =H123 -> 1
A124: ='Monthly Summary'!A124 -> 1340014 | B124: ='Monthly Summary'!B124 -> เต้าหู้ยี้ตราเด็กสมบูรณ์2000ก.*1 | C124: 2 | H124: =C124+D124-E124-F124-G124 -> 2 | I124: 2 | J124: =IF(H124<I124,"Need to Order",IF(H124>=I124," ")) | K124: =H124 -> 2
A125: ='Monthly Summary'!A125 -> 1000051 | B125: ='Monthly Summary'!B125 -> ซอสเปรี้ยวลีแอนด์เพอร์ริน (Lea & Perrin) 150 มล. | C125: 3 | H125: =C125+D125-E125-F125-G125 -> 3 | I125: 3 | J125: =IF(H125<I125,"Need to Order",IF(H125>=I125," ")) | K125: =H125 -> 3
A126: ='Monthly Summary'!A126 -> 1000118 | B126: ='Monthly Summary'!B126 -> น้ำซุปสุกียากี้ญี่ปุ่น ตรายามาโมริ 1ลิตร | C126: 3 | H126: =C126+D126-E126-F126-G126 -> 3 | I126: 4 | J126: =IF(H126<I126,"Need to Order",IF(H126>=I126," ")) -> Need to Order | K126: =H126 -> 3
A127: ='Monthly Summary'!A127 -> 1390017 | B127: ='Monthly Summary'!B127 -> เส้นอูด้งแห้งตรา คาเนสุ เซอิเมน 400 กรัม*ห่อ | C127: 3 | H127: =C127+D127-E127-F127-G127 -> 3 | I127: 6 | J127: =IF(H127<I127,"Need to Order",IF(H127>=I127," ")) -> Need to Order | K127: =H127 -> 3
A128: ='Monthly Summary'!A128 -> 1000094 | B128: ='Monthly Summary'!B128 -> น้ำจิ้มชาบู สุกี้ รสงาคั่วสไตล์ญี่ปุ่น ตราเพียวฟู้ดส์ 850 กรัม | C128: 1 | H128: =C128+D128-E128-F128-G128 -> 1 | I128: 2 | J128: =IF(H128<I128,"Need to Order",IF(H128>=I128," ")) -> Need to Order | K128: =H128 -> 1
A129: ='Monthly Summary'!A129 -> 1200147 | B129: ='Monthly Summary'!B129 -> เบนลี่ ผงหมักเนื้อนุ่ม (40ซอง*กล่อง) | C129: 6 | H129: =C129+D129-E129-F129-G129 -> 6 | I129: 10 | J129: =IF(H129<I129,"Need to Order",IF(H129>=I129," ")) -> Need to Order | K129: =H129 -> 6
A130: ='Monthly Summary'!A130 -> 1070008 | B130: ='Monthly Summary'!B130 -> เกล็ดขนมปัง 1กก*ถุง | C130: 1 | G130: 1 | H130: =C130+D130-E130-F130-G130 -> 0 | I130: 4 | J130: =IF(H130<I130,"Need to Order",IF(H130>=I130," ")) -> Need to Order | K130: =H130 -> 0
A132: ='Monthly Summary'!A132 -> 2060057 | B132: ='Monthly Summary'!B132 -> น้ำเชื่อมลองบีชเพียวเร่ เลม่อน 900 มล. | C132: 0 | H132: =C132+D132-E132-F132-G132 -> 0 | I132: 2 | J132: =IF(H132<I132,"Need to Order",IF(H132>=I132," ")) -> Need to Order | K132: =H132 -> 0
A133: ='Monthly Summary'!A133 -> 1010056 | B133: ='Monthly Summary'!B133 -> มะเขือเทศปอกเปลือก 3 kg. | C133: 0 | H133: =C133+D133-E133-F133-G133 -> 0 | I133: 5 | J133: =IF(H133<I133,"Need to Order",IF(H133>=I133," ")) -> Need to Order | K133: =H133 -> 0
A134: ='Monthly Summary'!A134 -> 1000184 | B134: ='Monthly Summary'!B134 -> น้ำส้มสายชูหมักไวน์องุ่นบาลสามิกวินิการ์-เบอร์ทอลลี่ 5L. ร้านอีสเวส | C134: 2 | H134: =C134+D134-E134-F134-G134 -> 2 | I134: 2 | J134: =IF(H134<I134,"Need to Order",IF(H134>=I134," ")) | K134: =H134 -> 2
A135: ='Monthly Summary'!A135 -> 1110005 | B135: ='Monthly Summary'!B135 -> น้ำมันมะกอก Cotoliva olive pomace 5 ลิตร ร้านอีสเวส | C135: 1 | H135: =C135+D135-E135-F135-G135 -> 1 | I135: 3 | J135: =IF(H135<I135,"Need to Order",IF(H135>=I135," ")) -> Need to Order | K135: =H135 -> 1
A136: ='Monthly Summary'!A136 -> 1000204 | B136: ='Monthly Summary'!B136 -> บัลซามิกเกลซ แบร์ทอลลี่ 250มล. ร้านอีสเวส | C136: 3 | H136: =C136+D136-E136-F136-G136 -> 3 | I136: 3 | J136: =IF(H136<I136,"Need to Order",IF(H136>=I136," ")) | K136: =H136 -> 3
A137: ='Monthly Summary'!A137 -> 1000178 | B137: ='Monthly Summary'!B137 -> ใบกระวาน50กรัม | C137: 2 | H137: =C137+D137-E137-F137-G137 -> 2 | I137: 2 | J137: =IF(H137<I137,"Need to Order",IF(H137>=I137," ")) | K137: =H137 -> 2
A138: ='Monthly Summary'!A138 -> 1050016 | B138: ='Monthly Summary'!B138 -> น้ำเชื่อมกลิ่นเมเปิ้ล 4.45L*1แกลลอน | C138: 4 | H138: =C138+D138-E138-F138-G138 -> 4 | I138: 5 | J138: =IF(H138<I138,"Need to Order",IF(H138>=I138," ")) -> Need to Order | K138: =H138 -> 4 | L138: เพิ่มเป็น5
A139: ='Monthly Summary'!A139 -> 1500036 | B139: ='Monthly Summary'!B139 -> แตงกวาดอง ฟรากาตา 345ก.*1 ขวด | C139: 3 | H139: =C139+D139-E139-F139-G139 -> 3 | I139: 2 | J139: =IF(H139<I139,"Need to Order",IF(H139>=I139," ")) | K139: =H139 -> 3
A140: ='Monthly Summary'!A140 -> 1080078 | B140: ='Monthly Summary'!B140 -> สาหร่ายฝอย 250กรัม | C140: 2 | H140: =C140+D140-E140-F140-G140 -> 2 | I140: 4 | J140: =IF(H140<I140,"Need to Order",IF(H140>=I140," ")) -> Need to Order | K140: =H140 -> 2 | L140: เพิ่มเป็น4
A141: ='Monthly Summary'!A141 -> 1400064 | B141: ='Monthly Summary'!B141 -> แครกเกอร์ ตราริทซ์ 300กรัม*กล่อง | C141: 4 | H141: =C141+D141-E141-F141-G141 -> 4 | I141: 10 | J141: =IF(H141<I141,"Need to Order",IF(H141>=I141," ")) -> Need to Order | K141: =H141 -> 4
A142: ='Monthly Summary'!A142 -> 1500314 | B142: ='Monthly Summary'!B142 -> เบเกอร์ครีม เนยขาว อิมพีเรียล 1กก. | C142: 0 | H142: =C142+D142-E142-F142-G142 -> 0 | I142: 2 | J142: =IF(H142<I142,"Need to Order",IF(H142>=I142," ")) -> Need to Order | K142: =H142 -> 0
A143: ='Monthly Summary'!A143 -> 3200170 | B143: ='Monthly Summary'!B143 -> กระดาษไขเคลือบพิเศษ 40*75 ม. | C143: 5 | H143: =C143+D143-E143-F143-G143 -> 5 | I143: 9 | J143: =IF(H143<I143,"Need to Order",IF(H143>=I143," ")) -> Need to Order | K143: =H143 -> 5
A144: ='Monthly Summary'!A144 -> 3200022 | B144: ='Monthly Summary'!B144 -> ปืนยิงแก๊ส | C144: 2 | H144: =C144+D144-E144-F144-G144 -> 2 | I144: 5 | J144: =IF(H144<I144,"Need to Order",IF(H144>=I144," ")) -> Need to Order | K144: =H144 -> 2
A145: ='Monthly Summary'!A145 -> 3200184 | B145: ='Monthly Summary'!B145 -> AROฟิล์มยืดห่ออาหารยาว 18"*500ม. | C145: 6 | H145: =C145+D145-E145-F145-G145 -> 6 | I145: 9 | J145: =IF(H145<I145,"Need to Order",IF(H145>=I145," ")) -> Need to Order | K145: =H145 -> 6
A146: ='Monthly Summary'!A146 -> 3300361 | B146: ='Monthly Summary'!B146 -> กระดาษเช็ดมือ Livi M Fold 250 แผ่น 1 ชั้น (1ลัง*16ห่อ) | C146: 0 | H146: =C146+D146-E146-F146-G146 -> 0 | I146: 16 | J146: =IF(H146<I146,"Need to Order",IF(H146>=I146," ")) -> Need to Order | K146: =H146 -> 0
A147: ='Monthly Summary'!A147 -> 3100205 | B147: ='Monthly Summary'!B147 -> สก็อตไบร์ทเขียว 6*9 นิ้ว (1ห่อ*10ชิ้น) | C147: 5 | H147: =C147+D147-E147-F147-G147 -> 5 | I147: 2 | J147: =IF(H147<I147,"Need to Order",IF(H147>=I147," ")) | K147: =H147 -> 5
A148: ='Monthly Summary'!A148 -> 3100022 | B148: ='Monthly Summary'!B148 -> สก็อตไบร์ทเขียว+ฟองน้ำ3*4นิ้ว (1ห่อ*10ชิ้น) | C148: 5 | H148: =C148+D148-E148-F148-G148 -> 5 | I148: 3 | J148: =IF(H148<I148,"Need to Order",IF(H148>=I148," ")) | K148: =H148 -> 5
...

Sheet วันที่ 2 
A3: Code | B3: รายการ | C3: ยอดยกมาจาก วันที่ 1 | D3: รับเข้า | E3: department | H3: Onstock | I3: Par stock | J3: Status | K3: ยอดยกไป | L3: หมายเหตุ
E4: Breakfast | F4: Canteen | G4: A la carte
A5: ='Monthly Summary'!A5 -> 1000005 | B5: ='Monthly Summary'!B5 -> เกลือ ปรุงทิพย์ 1000 กรัม | C5: ='วันที่ 1'!K5 -> 8 | H5: =C5+D5-E5-F5-G5 -> 8 | I5: ='วันที่ 1'!I5 -> 10 | J5: =IF(H5<I5,"Need to Order",IF(H5>=I5," ")) -> Need to Order | K5: =H5 -> 8
A6: ='Monthly Summary'!A6 -> 1000018 | B6: ='Monthly Summary'!B6 -> เต้าเจี้ยวสูตร 1 เด็กสมบูรณ์ 800 มล.*3 | C6: ='วันที่ 1'!K6 -> 1 | H6: =C6+D6-E6-F6-G6 -> 1 | I6: ='วันที่ 1'!I6 -> 2 | J6: =IF(H6<I6,"Need to Order",IF(H6>=I6," ")) -> Need to Order | K6: =H6 -> 1
A7: ='Monthly Summary'!A7 -> 1000015 | B7: ='Monthly Summary'!B7 -> ซีอิ้วดำสูตร 5 เด็กสมบูรณ์ 940ml. | C7: ='วันที่ 1'!K7 -> 2 | H7: =C7+D7-E7-F7-G7 -> 2 | I7: ='วันที่ 1'!I7 -> 4 | J7: =IF(H7<I7,"Need to Order",IF(H7>=I7," ")) -> Need to Order | K7: =H7 -> 2
A8: ='Monthly Summary'!A8 -> 1000025 | B8: ='Monthly Summary'!B8 -> น้ำมันน้ำพริกเผา ฉั่วฮะเส็ง 700 ml. | C8: ='วันที่ 1'!K8 -> 3 | H8: =C8+D8-E8-F8-G8 -> 3 | I8: ='วันที่ 1'!I8 -> 3 | J8: =IF(H8<I8,"Need to Order",IF(H8>=I8," ")) | K8: =H8 -> 3
A9: ='Monthly Summary'!A9 -> 1000022 | B9: ='Monthly Summary'!B9 -> น้ำพริกเผาฉัวฮะเส็ง 2700g. | C9: ='วันที่ 1'!K9 -> 2 | H9: =C9+D9-E9-F9-G9 -> 2 | I9: ='วันที่ 1'!I9 -> 3 | J9: =IF(H9<I9,"Need to Order",IF(H9>=I9," ")) -> Need to Order | K9: =H9 -> 2
A10: ='Monthly Summary'!A10 -> 1000057 | B10: ='Monthly Summary'!B10 -> ผงปรุงรส อาหารญี่ปุ่น ฮอนดาชิ 1กก. | C10: ='วันที่ 1'!K10 -> 3 | H10: =C10+D10-E10-F10-G10 -> 3 | I10: ='วันที่ 1'!I10 -> 6 | J10: =IF(H10<I10,"Need to Order",IF(H10>=I10," ")) -> Need to Order | K10: =H10 -> 3
A11: ='Monthly Summary'!A11 -> 1000214 | B11: ='Monthly Summary'!B11 -> ซอสมะเขือเทศเข้มข้น ตราไมก้า 560 กรัม | C11: ='วันที่ 1'!K11 -> 1 | H11: =C11+D11-E11-F11-G11 -> 1 | I11: ='วันที่ 1'!I11 -> 2 | J11: =IF(H11<I11,"Need to Order",IF(H11>=I11," ")) -> Need to Order | K11: =H11 -> 1
A12: ='Monthly Summary'!A12 -> 1010017 | B12: ='Monthly Summary'!B12 -> ปลากระป๋อง | C12: ='วันที่ 1'!K12 -> 78 | H12: =C12+D12-E12-F12-G12 -> 78 | I12: ='วันที่ 1'!I12 -> 135 | J12: =IF(H12<I12,"Need to Order",IF(H12>=I12," ")) -> Need to Order | K12: =H12 -> 78
A13: ='Monthly Summary'!A13 -> 1010033 | B13: ='Monthly Summary'!B13 -> ปลาทูน่าในน้ำมันตราซีเล็คทูน่า 1800 กรัม*1 | C13: ='วันที่ 1'!K13 -> 3 | H13: =C13+D13-E13-F13-G13 -> 3 | I13: ='วันที่ 1'!I13 -> 6 | J13: =IF(H13<I13,"Need to Order",IF(H13>=I13," ")) -> Need to Order | K13: =H13 -> 3
A14: ='Monthly Summary'!A14 -> 1050003 | B14: ='Monthly Summary'!B14 -> น้ำตาลทรายขาวมิตรผล 1 กก.*ถุง | C14: ='วันที่ 1'!K14 -> 63 | H14: =C14+D14-E14-F14-G14 -> 63 | I14: ='วันที่ 1'!I14 -> 110 | J14: =IF(H14<I14,"Need to Order",IF(H14>=I14," ")) -> Need to Order | K14: =H14 -> 63
A15: ='Monthly Summary'!A15 -> 1050037 | B15: ='Monthly Summary'!B15 -> น้ำตาลอ้อยผสมน้ำตาลมะพร้าว มิตรผล 1กก*ถุง | C15: ='วันที่ 1'!K15 -> 19 | H15: =C15+D15-E15-F15-G15 -> 19 | I15: ='วันที่ 1'!I15 -> 20 | J15: =IF(H15<I15,"Need to Order",IF(H15>=I15," ")) -> Need to Order | K15: =H15 -> 19
A16: ='Monthly Summary'!A16 -> 1380073 | B16: ='Monthly Summary'!B16 -> เอโร่ แป้งข้าวโพด 1 กก. | C16: ='วันที่ 1'!K16 -> 1 | H16: =C16+D16-E16-F16-G16 -> 1 | I16: ='วันที่ 1'!I16 -> 3 | J16: =IF(H16<I16,"Need to Order",IF(H16>=I16," ")) -> Need to Order | K16: =H16 -> 1
... A45: ='Monthly Summary'!A45 -> 1050007 | B45: ='Monthly Summary'!B45 -> น้ำตาลกรวด ตราไร่ทิพย์ 500กรัม | C45: ='วันที่ 1'!K45 -> 3 | H45: =C45+D45-E45-F45-G45 -> 3 | I45: ='วันที่ 1'!I45 -> 4 | J45: =IF(H45<I45,"Need to Order",IF(H45>=I45," ")) -> Need to Order | K45: =H45 -> 3
A46: ='Monthly Summary'!A46 -> 1400036 | B46: ='Monthly Summary'!B46 -> แพคติน 500 กรัม | C46: ='วันที่ 1'!K46 -> 2 | H46: =C46+D46-E46-F46-G46 -> 2 | I46: 2 | J46: =IF(H46<I46,"Need to Order",IF(H46>=I46," ")) | K46: =H46 -> 2
A47: ='Monthly Summary'!A47 -> 1000209 | B47: ='Monthly Summary'!B47 -> คิคโคแมน ซอสถั่วเหลือง 3 ล. | C47: ='วันที่ 1'!K47 -> 3 | H47: =C47+D47-E47-F47-G47 -> 3 | I47: ='วันที่ 1'!I47 -> 4 | J47: =IF(H47<I47,"Need to Order",IF(H47>=I47," ")) -> Need to Order | K47: =H47 -> 3
A48: ='Monthly Summary'!A48 -> 1000181 | B48: ='Monthly Summary'!B48 -> ซอส โกชูจัง แฮชานเดิล ซอสพริกเกาหลี 1 กก | C48: ='วันที่ 1'!K48 -> 5 | H48: =C48+D48-E48-F48-G48 -> 5 | I48: ='วันที่ 1'!I48 -> 8 | J48: =IF(H48<I48,"Need to Order",IF(H48>=I48," ")) -> Need to Order | K48: =H48 -> 5
A49: ='Monthly Summary'!A49 -> 1010018 | B49: ='Monthly Summary'!B49 -> สับปะรดแว่นในน้ำเชื่อม 565 กรัม x 3 กระป๋อง | C49: ='วันที่ 1'!K49 -> 4 | H49: =C49+D49-E49-F49-G49 -> 4 | I49: ='วันที่ 1'!I49 -> 8 | J49: =IF(H49<I49,"Need to Order",IF(H49>=I49," ")) -> Need to Order | K49: =H49 -> 4
A50: ='Monthly Summary'!A50 -> 1500001 | B50: ='Monthly Summary'!B50 -> ไข่ปลาคาเวียร์ลัมฟ์ฟิชสีดำ 80 กรัม | C50: ='วันที่ 1'!K50 -> 1 | H50: =C50+D50-E50-F50-G50 -> 1 | I50: ='วันที่ 1'!I50 -> 2 | J50: =IF(H50<I50,"Need to Order",IF(H50>=I50," ")) -> Need to Order | K50: =H50 -> 1
A51: ='Monthly Summary'!A51 -> 1020008 | B51: ='Monthly Summary'!B51 -> ผงโกโก้ตราทิวลิป สีมาตรฐาน 500ก.*ถุง | C51: ='วันที่ 1'!K51 -> 3 | H51: =C51+D51-E51-F51-G51 -> 3 | I51: ='วันที่ 1'!I51 -> 6 | J51: =IF(H51<I51,"Need to Order",IF(H51>=I51," ")) -> Need to Order | K51: =H51 -> 3
A52: ='Monthly Summary'!A52 -> 1100023 | B52: ='Monthly Summary'!B52 -> เนสท์เล่คอนเฟล็ก Corn Flakes 500 กรัม*กล่อง | C52: ='วันที่ 1'!K52 -> 13 | H52: =C52+D52-E52-F52-G52 -> 13 | I52: ='วันที่ 1'!I52 -> 16 | J52: =IF(H52<I52,"Need to Order",IF(H52>=I52," ")) -> Need to Order | K52: =H52 -> 13
A53: ='Monthly Summary'!A53 -> 1100014 | B53: ='Monthly Summary'!B53 -> เนสท์เล่โกโก้ครั้นซ์ KoKo Krunch 300 กรัม | C53: ='วันที่ 1'!K53 -> 14 | H53: =C53+D53-E53-F53-G53 -> 14 | I53: ='วันที่ 1'!I53 -> 20 | J53: =IF(H53<I53,"Need to Order",IF(H53>=I53," ")) -> Need to Order | K53: =H53 -> 14
A54: ='Monthly Summary'!A54 -> 1370052 | B54: ='Monthly Summary'!B54 -> มูสลีผสมผลไม้ เอโร่ 1000 กรัม | C54: ='วันที่ 1'!K54 -> 3 | H54: =C54+D54-E54-F54-G54 -> 3 | I54: ='วันที่ 1'!I54 -> 5 | J54: =IF(H54<I54,"Need to Order",IF(H54>=I54," ")) -> Need to Order | K54: =H54 -> 3
A55: ='Monthly Summary'!A55 -> 1020040 | B55: ='Monthly Summary'!B55 -> เนสท์เล่ ฮันนี่สตาร์ ซีเรียล 300 กรัม*1 | C55: ='วันที่ 1'!K55 -> 7 | H55: =C55+D55-E55-F55-G55 -> 7 | I55: ='วันที่ 1'!I55 -> 12 | J55: =IF(H55<I55,"Need to Order",IF(H55>=I55," ")) -> Need to Order | K55: =H55 -> 7
A56: ='Monthly Summary'!A56 -> 1040061 | B56: ='Monthly Summary'!B56 -> ซันควิกน้ำส้มแมนดาริน ชนิดเข้มข้น 1000 มล. | C56: ='วันที่ 1'!K56 -> 1 | H56: =C56+D56-E56-F56-G56 -> 1 | I56: ='วันที่ 1'!I56 -> 3 | J56: =IF(H56<I56,"Need to Order",IF(H56>=I56," ")) -> Need to Order | K56: =H56 -> 1
A57: ='Monthly Summary'!A57 -> 1050021 | B57: ='Monthly Summary'!B57 -> น้ำเชื่อมรสน้ำผึ้ง ตราอิมพีเรียล 3,550มล.*1 แกลลอน | C57: ='วันที่ 1'!K57 -> 5 | H57: =C57+D57-E57-F57-G57 -> 5 | I57: ='วันที่ 1'!I57 -> 5 | J57: =IF(H57<I57,"Need to Order",IF(H57>=I57," ")) | K57: =H57 -> 5
A58: ='Monthly Summary'!A58 -> 1050022 | B58: ='Monthly Summary'!B58 -> ส้มแมนดารินโดล น้ำเชื่อม 666 กรัม | C58: ='วันที่ 1'!K58 -> 5 | H58: =C58+D58-E58-F58-G58 -> 5 | I58: ='วันที่ 1'!I58 -> 8 | J58: =IF(H58<I58,"Need to Order",IF(H58>=I58," ")) -> Need to Order | K58: =H58 -> 5
... A120: ='Monthly Summary'!A120 -> 1070044 | B120: ='Monthly Summary'!B120 -> แป้งกวนไส้ ตราดาว 500 กรัม*ถุง | C120: ='วันที่ 1'!K120 -> 2 | H120: =C120+D120-E120-F120-G120 -> 2 | I120: ='วันที่ 1'!I120 -> 2 | J120: =IF(H120<I120,"Need to Order",IF(H120>=I120," ")) | K120: =H120 -> 2
A121: ='Monthly Summary'!A121 -> 1080067 | B121: ='Monthly Summary'!B121 -> ผงโรยข้าวโบนิโตะ ปลาโอแห้ง สาหร่าย งา 19ก.*ถุง (ห่อสีดำ) | C121: ='วันที่ 1'!K121 -> 15 | G121: 3 | H121: =C121+D121-E121-F121-G121 -> 12 | I121: ='วันที่ 1'!I121 -> 16 | J121: =IF(H121<I121,"Need to Order",IF(H121>=I121," ")) -> Need to Order | K121: =H121 -> 12
A122: ='Monthly Summary'!A122 -> 1350065 | B122: ='Monthly Summary'!B122 -> ลูกชิ้นปลา นารูโตะมากิ120 กรัม*1 ถุง | C122: ='วันที่ 1'!K122 -> 3 | H122: =C122+D122-E122-F122-G122 -> 3 | I122: ='วันที่ 1'!I122 -> 4 | J122: =IF(H122<I122,"Need to Order",IF(H122>=I122," ")) -> Need to Order | K122: =H122 -> 3
A123: ='Monthly Summary'!A123 -> 1070024 | B123: ='Monthly Summary'!B123 -> แป้งสาลีอเนกประสงค์ ตราบัวแดง 1กก.*ถุง | C123: ='วันที่ 1'!K123 -> 1 | H123: =C123+D123-E123-F123-G123 -> 1 | I123: ='วันที่ 1'!I123 -> 2 | J123: =IF(H123<I123,"Need to Order",IF(H123>=I123," ")) -> Need to Order | K123: =H123 -> 1
A124: ='Monthly Summary'!A124 -> 1340014 | B124: ='Monthly Summary'!B124 -> เต้าหู้ยี้ตราเด็กสมบูรณ์2000ก.*1 | C124: ='วันที่ 1'!K124 -> 2 | H124: =C124+D124-E124-F124-G124 -> 2 | I124: ='วันที่ 1'!I124 -> 2 | J124: =IF(H124<I124,"Need to Order",IF(H124>=I124," ")) | K124: =H124 -> 2
A125: ='Monthly Summary'!A125 -> 1000051 | B125: ='Monthly Summary'!B125 -> ซอสเปรี้ยวลีแอนด์เพอร์ริน (Lea & Perrin) 150 มล. | C125: ='วันที่ 1'!K125 -> 3 | H125: =C125+D125-E125-F125-G125 -> 3 | I125: ='วันที่ 1'!I125 -> 3 | J125: =IF(H125<I125,"Need to Order",IF(H125>=I125," ")) | K125: =H125 -> 3
A126: ='Monthly Summary'!A126 -> 1000118 | B126: ='Monthly Summary'!B126 -> น้ำซุปสุกียากี้ญี่ปุ่น ตรายามาโมริ 1ลิตร | C126: ='วันที่ 1'!K126 -> 3 | H126: =C126+D126-E126-F126-G126 -> 3 | I126: ='วันที่ 1'!I126 -> 4 | J126: =IF(H126<I126,"Need to Order",IF(H126>=I126," ")) -> Need to Order | K126: =H126 -> 3
A127: ='Monthly Summary'!A127 -> 1390017 | B127: ='Monthly Summary'!B127 -> เส้นอูด้งแห้งตรา คาเนสุ เซอิเมน 400 กรัม*ห่อ | C127: ='วันที่ 1'!K127 -> 3 | H127: =C127+D127-E127-F127-G127 -> 3 | I127: ='วันที่ 1'!I127 -> 6 | J127: =IF(H127<I127,"Need to Order",IF(H127>=I127," ")) -> Need to Order | K127: =H127 -> 3
A128: ='Monthly Summary'!A128 -> 1000094 | B128: ='Monthly Summary'!B128 -> น้ำจิ้มชาบู สุกี้ รสงาคั่วสไตล์ญี่ปุ่น ตราเพียวฟู้ดส์ 850 กรัม | C128: ='วันที่ 1'!K128 -> 1 | H128: =C128+D128-E128-F128-G128 -> 1 | I128: ='วันที่ 1'!I128 -> 2 | J128: =IF(H128<I128,"Need to Order",IF(H128>=I128," ")) -> Need to Order | K128: =H128 -> 1
A129: ='Monthly Summary'!A129 -> 1200147 | B129: ='Monthly Summary'!B129 -> เบนลี่ ผงหมักเนื้อนุ่ม (40ซอง*กล่อง) | C129: ='วันที่ 1'!K129 -> 6 | H129: =C129+D129-E129-F129-G129 -> 6 | I129: ='วันที่ 1'!I129 -> 10 | J129: =IF(H129<I129,"Need to Order",IF(H129>=I129," ")) -> Need to Order | K129: =H129 -> 6
A130: ='Monthly Summary'!A130 -> 1070008 | B130: ='Monthly Summary'!B130 -> เกล็ดขนมปัง 1กก*ถุง | C130: ='วันที่ 1'!K130 -> 0 | H130: =C130+D130-E130-F130-G130 -> 0 | I130: ='วันที่ 1'!I130 -> 4 | J130: =IF(H130<I130,"Need to Order",IF(H130>=I130," ")) -> Need to Order | K130: =H130 -> 0
A131: ='Monthly Summary'!A131 | B131: ='Monthly Summary'!B131 | C131: ='วันที่ 1'!K131 | H131: =C131+D131-E131-F131-G131 -> 0 | I131: ='วันที่ 1'!I131 | J131: =IF(H131<I131,"Need to Order",IF(H131>=I131," ")) | K131: =H131 -> 0
A132: ='Monthly Summary'!A132 -> 2060057 | B132: ='Monthly Summary'!B132 -> น้ำเชื่อมลองบีชเพียวเร่ เลม่อน 900 มล. | C132: ='วันที่ 1'!K132 -> 0 | H132: =C132+D132-E132-F132-G132 -> 0 | I132: ='วันที่ 1'!I132 -> 2 | J132: =IF(H132<I132,"Need to Order",IF(H132>=I132," ")) -> Need to Order | K132: =H132 -> 0
A133: ='Monthly Summary'!A133 -> 1010056 | B133: ='Monthly Summary'!B133 -> มะเขือเทศปอกเปลือก 3 kg. | C133: ='วันที่ 1'!K133 -> 0 | H133: =C133+D133-E133-F133-G133 -> 0 | I133: ='วันที่ 1'!I133 -> 5 | J133: =IF(H133<I133,"Need to Order",IF(H133>=I133," ")) -> Need to Order | K133: =H133 -> 0
... A136: ='Monthly Summary'!A136 -> 1000204 | B136: ='Monthly Summary'!B136 -> บัลซามิกเกลซ แบร์ทอลลี่ 250มล. ร้านอีสเวส | C136: ='วันที่ 1'!K136 -> 3 | H136: =C136+D136-E136-F136-G136 -> 3 | I136: ='วันที่ 1'!I136 -> 3 | J136: =IF(H136<I136,"Need to Order",IF(H136>=I136," ")) | K136: =H136 -> 3
A137: ='Monthly Summary'!A137 -> 1000178 | B137: ='Monthly Summary'!B137 -> ใบกระวาน50กรัม | C137: ='วันที่ 1'!K137 -> 2 | G137: 1 | H137: =C137+D137-E137-F137-G137 -> 1 | I137: ='วันที่ 1'!I137 -> 2 | J137: =IF(H137<I137,"Need to Order",IF(H137>=I137," ")) -> Need to Order | K137: =H137 -> 1
A138: ='Monthly Summary'!A138 -> 1050016 | B138: ='Monthly Summary'!B138 -> น้ำเชื่อมกลิ่นเมเปิ้ล 4.45L*1แกลลอน | C138: ='วันที่ 1'!K138 -> 4 | H138: =C138+D138-E138-F138-G138 -> 4 | I138: ='วันที่ 1'!I138 -> 5 | J138: =IF(H138<I138,"Need to Order",IF(H138>=I138," ")) -> Need to Order | K138: =H138 -> 4
A139: ='Monthly Summary'!A139 -> 1500036 | B139: ='Monthly Summary'!B139 -> แตงกวาดอง ฟรากาตา 345ก.*1 ขวด | C139: ='วันที่ 1'!K139 -> 3 | H139: =C139+D139-E139-F139-G139 -> 3 | I139: ='วันที่ 1'!I139 -> 2 | J139: =IF(H139<I139,"Need to Order",IF(H139>=I139," ")) | K139: =H139 -> 3
A140: ='Monthly Summary'!A140 -> 1080078 | B140: ='Monthly Summary'!B140 -> สาหร่ายฝอย 250กรัม | C140: ='วันที่ 1'!K140 -> 2 | H140: =C140+D140-E140-F140-G140 -> 2 | I140: ='วันที่ 1'!I140 -> 4 | J140: =IF(H140<I140,"Need to Order",IF(H140>=I140," ")) -> Need to Order | K140: =H140 -> 2
A141: ='Monthly Summary'!A141 -> 1400064 | B141: ='Monthly Summary'!B141 -> แครกเกอร์ ตราริทซ์ 300กรัม*กล่อง | C141: ='วันที่ 1'!K141 -> 4 | H141: =C141+D141-E141-F141-G141 -> 4 | I141: ='วันที่ 1'!I141 -> 10 | J141: =IF(H141<I141,"Need to Order",IF(H141>=I141," ")) -> Need to Order | K141: =H141 -> 4
A142: ='Monthly Summary'!A142 -> 1500314 | B142: ='Monthly Summary'!B142 -> เบเกอร์ครีม เนยขาว อิมพีเรียล 1กก. | C142: ='วันที่ 1'!K142 -> 0 | H142: =C142+D142-E142-F142-G142 -> 0 | I142: ='วันที่ 1'!I142 -> 2 | J142: =IF(H142<I142,"Need to Order",IF(H142>=I142," ")) -> Need to Order | K142: =H142 -> 0
A143: ='Monthly Summary'!A143 -> 3200170 | B143: ='Monthly Summary'!B143 -> กระดาษไขเคลือบพิเศษ 40*75 ม. | C143: ='วันที่ 1'!K143 -> 5 | H143: =C143+D143-E143-F143-G143 -> 5 | I143: ='วันที่ 1'!I143 -> 9 | J143: =IF(H143<I143,"Need to Order",IF(H143>=I143," ")) -> Need to Order | K143: =H143 -> 5
A144: ='Monthly Summary'!A144 -> 3200022 | B144: ='Monthly Summary'!B144 -> ปืนยิงแก๊ส | C144: ='วันที่ 1'!K144 -> 2 | H144: =C144+D144-E144-F144-G144 -> 2 | I144: ='วันที่ 1'!I144 -> 5 | J144: =IF(H144<I144,"Need to Order",IF(H144>=I144," ")) -> Need to Order | K144: =H144 -> 2
A145: ='Monthly Summary'!A145 -> 3200184 | B145: ='Monthly Summary'!B145 -> AROฟิล์มยืดห่ออาหารยาว 18"*500ม. | C145: ='วันที่ 1'!K145 -> 6 | H145: =C145+D145-E145-F145-G145 -> 6 | I145: ='วันที่ 1'!I145 -> 9 | J145: =IF(H145<I145,"Need to Order",IF(H145>=I145," ")) -> Need to Order | K145: =H145 -> 6
A146: ='Monthly Summary'!A146 -> 3300361 | B146: ='Monthly Summary'!B146 -> กระดาษเช็ดมือ Livi M Fold 250 แผ่น 1 ชั้น (1ลัง*16ห่อ) | C146: ='วันที่ 1'!K146 -> 0 | H146: =C146+D146-E146-F146-G146 -> 0 | I146: ='วันที่ 1'!I146 -> 16 | J146: =IF(H146<I146,"Need to Order",IF(H146>=I146," ")) -> Need to Order | K146: =H146 -> 0
A147: ='Monthly Summary'!A147 -> 3100205 | B147: ='Monthly Summary'!B147 -> สก็อตไบร์ทเขียว 6*9 นิ้ว (1ห่อ*10ชิ้น) | C147: ='วันที่ 1'!K147 -> 5 | H147: =C147+D147-E147-F147-G147 -> 5 | I147: ='วันที่ 1'!I147 -> 2 | J147: =IF(H147<I147,"Need to Order",IF(H147>=I147," ")) | K147: =H147 -> 5
A148: ='Monthly Summary'!A148 -> 3100022 | B148: ='Monthly Summary'!B148 -> สก็อตไบร์ทเขียว+ฟองน้ำ3*4นิ้ว (1ห่อ*10ชิ้น) | C148: ='วันที่ 1'!K148 -> 5 | H148: =C148+D148-E148-F148-G148 -> 5 | I148: ='วันที่ 1'!I148 -> 3 | J148: =IF(H148<I148,"Need to Order",IF(H148>=I148," ")) | K148: =H148 -> 5
A149: ='Monthly Summary'!A149 -> 3100227 | B149: ='Monthly Summary'!B149 -> หมวกคลุมผมตัวหนอน1*50 ใบ | C149: ='วันที่ 1'!K149 -> 100 | H149: =C149+D149-E149-F149-G149 -> 100 | I149: ='วันที่ 1'!I149 -> 150 | J149: =IF(H149<I149,"Need to Order",IF(H149>=I149," ")) -> Need to Order | K149: =H149 -> 100
... A154: ='Monthly Summary'!A154 -> 3200211 | B154: ='Monthly Summary'!B154 -> เอโร่ ถุง HD ร้อน-เย็น 5x8 นิ้ว 1 กก. | C154: ='วันที่ 1'!K154 -> 2 | H154: =C154+D154-E154-F154-G154 -> 2 | I154: ='วันที่ 1'!I154 -> 3 | J154: =IF(H154<I154,"Need to Order",IF(H154>=I154," ")) -> Need to Order | K154: =H154 -> 2
A155: ='Monthly Summary'!A155 -> 3200196 | B155: ='Monthly Summary'!B155 -> เอโร่ ถุงพลาสติก ร้อน-เย็น HD 6x9 นิ้ว 1 กก. | C155: ='วันที่ 1'!K155 -> 1 | G155: 1 | H155: =C155+D155-E155-F155-G155 -> 0 | I155: ='วันที่ 1'!I155 -> 3 | J155: =IF(H155<I155,"Need to Order",IF(H155>=I155," ")) -> Need to Order | K155: =H155 -> 0
A156: ='Monthly Summary'!A156 -> 3200077 | B156: ='Monthly Summary'!B156 -> ถุงหูหิ้วใส9*18 | C156: ='วันที่ 1'!K156 -> 1 | H156: =C156+D156-E156-F156-G156 -> 1 | I156: ='วันที่ 1'!I156 -> 2 | J156: =IF(H156<I156,"Need to Order",IF(H156>=I156," ")) -> Need to Order | K156: =H156 -> 1
A157: ='Monthly Summary'!A157 -> 3300057 | B157: ='Monthly Summary'!B157 -> แอลกอฮอล์แข็ง ชนิดก้อน12 g.เอโร่ 50 ก้อน*แพ็ค | C157: ='วันที่ 1'!K157 -> 1 | H157: =C157+D157-E157-F157-G157 -> 1 | I157: ='วันที่ 1'!I157 -> 3 | J157: =IF(H157<I157,"Need to Order",IF(H157>=I157," ")) -> Need to Order | K157: =H157 -> 1
A158: ='Monthly Summary'!A158 -> 3200054 | B158: ='Monthly Summary'!B158 -> แก๊สกระป๋อง BUGA GAS REFIL 290กรัม (จำเพาะของครัว) | C158: ='วันที่ 1'!K158 -> 0 | H158: =C158+D158-E158-F158-G158 -> 0 | I158: ='วันที่ 1'!I158 -> 3 | J158: =IF(H158<I158,"Need to Order",IF(H158>=I158," ")) -> Need to Order | K158: =H158 -> 0
A159: ='Monthly Summary'!A159 -> 3200001 | B159: ='Monthly Summary'!B159 -> ไม้เสียบตกแต่งแบบหัวน็อต | C159: ='วันที่ 1'!K159 -> 4 | H159: =C159+D159-E159-F159-G159 -> 4 | I159: ='วันที่ 1'!I159 -> 4 | J159: =IF(H159<I159,"Need to Order",IF(H159>=I159," ")) | K159: =H159 -> 4
A160: ='Monthly Summary'!A160 -> 1100011 | B160: ='Monthly Summary'!B160 -> ข้าวเกรียบกุ้งมโนรา ชิ้นเล็ก | C160: ='วันที่ 1'!K160 -> 8 | H160: =C160+D160-E160-F160-G160 -> 8 | I160: ='วันที่ 1'!I160 -> 12 | J160: =IF(H160<I160,"Need to Order",IF(H160>=I160," ")) -> Need to Order | K160: =H160 -> 8
A161: ='Monthly Summary'!A161 -> 3300047 | B161: ='Monthly Summary'!B161 -> ถุงแวคคั่มซีลสุญญากาศ 160ไมครอน 17*25ซม. 100ใบ | C161: ='วันที่ 1'!K161 -> 0 | H161: =C161+D161-E161-F161-G161 -> 0 | I161: ='วันที่ 1'!I161 -> 3 | J161: =IF(H161<I161,"Need to Order",IF(H161>=I161," ")) -> Need to Order | K161: =H161 -> 0
A162: ='Monthly Summary'!A162 -> 8510037 | B162: ='Monthly Summary'!B162 -> กระบอกแก๊ส หลอดแก๊สอัดวิปปิ้งตรา MOSA 10 หลอด*36กล่อง/ลัง | C162: ='วันที่ 1'!K162 -> 12 | H162: =C162+D162-E162-F162-G162 -> 12 | I162: ='วันที่ 1'!I162 -> 12 | J162: =IF(H162<I162,"Need to Order",IF(H162>=I162," ")) | K162: =H162 -> 12
A163: ='Monthly Summary'!A163 -> 1000006 | B163: ='Monthly Summary'!B163 -> ซอสเทอริยากิ ตราทาคูมิ 1000ml. | C163: ='วันที่ 1'!K163 -> 2 | G163: 1 | H163: =C163+D163-E163-F163-G163 -> 1 | I163: ='วันที่ 1'!I163 -> 4 | J163: =IF(H163<I163,"Need to Order",IF(H163>=I163," ")) -> Need to Order | K163: =H163 -> 1
A164: ='Monthly Summary'!A164 -> 1080034 | B164: ='Monthly Summary'!B164 -> สาหร่ายวากาเมะ (แบบแห้ง) | C164: ='วันที่ 1'!K164 -> 2 | H164: =C164+D164-E164-F164-G164 -> 2 | I164: ='วันที่ 1'!I164 -> 2 | J164: =IF(H164<I164,"Need to Order",IF(H164>=I164," ")) | K164: =H164 -> 2
A165: ='Monthly Summary'!A165 | B165: ='Monthly Summary'!B165 | C165: ='วันที่ 1'!K165 | H165: =C165+D165-E165-F165-G165 -> 0 | I165: ='วันที่ 1'!I165 | J165: =IF(H165<I165,"Need to Order",IF(H165>=I165," ")) | K165: =H165 -> 0
A166: ='Monthly Summary'!A166 -> 1000036 | B166: ='Monthly Summary'!B166 -> เหล้าจีน 640 ml. | C166: ='วันที่ 1'!K166 -> 2 | H166: =C166+D166-E166-F166-G166 -> 2 | I166: ='วันที่ 1'!I166 -> 2 | J166: =IF(H166<I166,"Need to Order",IF(H166>=I166," ")) | K166: =H166 -> 2
A167: ='Monthly Summary'!A167 -> 1000167 | B167: ='Monthly Summary'!B167 -> ARO ซอสผัดไท 1200 กรัม | C167: ='วันที่ 1'!K167 -> 0 | H167: =C167+D167-E167-F167-G167 -> 0 | I167: ='วันที่ 1'!I167 -> 4 | J167: =IF(H167<I167,"Need to Order",IF(H167>=I167," ")) -> Need to Order | K167: =H167 -> 0
A168: ='Monthly Summary'!A168 -> 1080004 | B168: ='Monthly Summary'!B168 -> เครื่องตุ๋นยาจีน แพ็ค 100 กรัม | C168: ='วันที่ 1'!K168 -> 15 | H168: =C168+D168-E168-F168-G168 -> 15 | I168: ='วันที่ 1'!I168 -> 20 | J168: =IF(H168<I168,"Need to Order",IF(H168>=I168," ")) -> Need to Order | K168: =H168 -> 15
A169: ='Monthly Summary'!A169 -> 1000215 | B169: ='Monthly Summary'!B169 -> น้ำมะนาว 1 ลิตร/ขวด | C169: ='วันที่ 1'!K169 -> 2 | H169: =C169+D169-E169-F169-G169 -> 2 | I169: ='วันที่ 1'!I169 -> 2 | J169: =IF(H169<I169,"Need to Order",IF(H169>=I169," ")) | K169: =H169 -> 2
A170: ='Monthly Summary'!A170 -> 1200053 | B170: ='Monthly Summary'!B170 -> หอมเจียว ถุง500กรัม | C170: ='วันที่ 1'!K170 -> 0 | H170: =C170+D170-E170-F170-G170 -> 0 | I170: ='วันที่ 1'!I170 -> 1 | J170: =IF(H170<I170,"Need to Order",IF(H170>=I170," ")) -> Need to Order | K170: =H170 -> 0
A171: ='Monthly Summary'!A171 -> 1200052 | B171: ='Monthly Summary'!B171 -> กระเทียมเจียว ถุง500กรัม | C171: ='วันที่ 1'!K171 -> 1 | H171: =C171+D171-E171-F171-G171 -> 1 | I171: ='วันที่ 1'!I171 -> 4 | J171: =IF(H171<I171,"Need to Order",IF(H171>=I171," ")) -> Need to Order | K171: =H171 -> 1
A172: ='Monthly Summary'!A172 -> 12001043 | B172: ='Monthly Summary'!B172 -> กะปิ ตราชั่ง 575 กรัม/กระปุก | C172: ='วันที่ 1'!K172 -> 1 | H172: =C172+D172-E172-F172-G172 -> 1 | I172: ='วันที่ 1'!I172 -> 3 | J172: =IF(H172<I172,"Need to Order",IF(H172>=I172," ")) -> Need to Order | K172: =H172 -> 1
A173: ='Monthly Summary'!A173 -> 1070001 | B173: ='Monthly Summary'!B173 -> แป้งถั่วเขียว ตราต้นสน 500 กรัม | C173: ='วันที่ 1'!K173 -> 0 | H173: =C173+D173-E173-F173-G173 -> 0 | I173: ='วันที่ 1'!I173 -> 2 | J173: =IF(H173<I173,"Need to Order",IF(H173>=I173," ")) -> Need to Order | K173: =H173 -> 0
A174: ='Monthly Summary'!A174 -> 1070045 | B174: ='Monthly Summary'!B174 -> แป้งท้าว ปลาไทย 5 ดาว 500 กรัม | C174: ='วันที่ 1'!K174 -> 0 | H174: =C174+D174-E174-F174-G174 -> 0 | I174: ='วันที่ 1'!I174 -> 2 | J174: =IF(H174<I174,"Need to Order",IF(H174>=I174," ")) -> Need to Order | K174: =H174 -> 0
A175: ='Monthly Summary'!A175 -> 1050017 | B175: ='Monthly Summary'!B175 -> แบะแซ กลูโคสไซรัป แฟนซีคาร์ฟ 1 กก | C175: ='วันที่ 1'!K175 -> 2 | H175: =C175+D175-E175-F175-G175 -> 2 | I175: ='วันที่ 1'!I175 -> 2 | J175: =IF(H175<I175,"Need to Order",IF(H175>=I175," ")) | K175: =H175 -> 2
... A194: ='Monthly Summary'!A194 -> 1080026 | B194: ='Monthly Summary'!B194 -> แผ่นสาหร่ายทะเลห่อข้าว 105ก. | C194: ='วันที่ 1'!K194 -> 3 | H194: =C194+D194-E194-F194-G194 -> 3 | I194: ='วันที่ 1'!I194 -> 6 | J194: =IF(H194<I194,"Need to Order",IF(H194>=I194," ")) -> Need to Order | K194: =H194 -> 3
A195: ='Monthly Summary'!A196 | B195: ='Monthly Summary'!B196 | C195: ='วันที่ 1'!K196 -> 0 | H195: =C195+D195-E195-F195-G195 -> 0 | I195: ='วันที่ 1'!I195 | J195: =IF(H195<I195,"Need to Order",IF(H195>=I195," ")) | K195: =H195 -> 0
A196: ='Monthly Summary'!A197 | B196: ='Monthly Summary'!B197 | C196: ='วันที่ 1'!K197 -> 0 | H196: =C196+D196-E196-F196-G196 -> 0 | J196: =IF(H196<I196,"Need to Order",IF(H196>=I196," ")) | K196: =H196 -> 0
A197: ='Monthly Summary'!A198 | B197: ='Monthly Summary'!B198 | C197: ='วันที่ 1'!K198 -> 0 | H197: =C197+D197-E197-F197-G197 -> 0 | J197: =IF(H197<I197,"Need to Order",IF(H197>=I197," ")) | K197: =H197 -> 0
A198: ='Monthly Summary'!A199 | B198: ='Monthly Summary'!B199 | C198: ='วันที่ 1'!K199 -> 0 | H198: =C198+D198-E198-F198-G198 -> 0 | J198: =IF(H198<I198,"Need to Order",IF(H198>=I198," ")) | K198: =H198 -> 0
A199: ='Monthly Summary'!A200 | B199: ='Monthly Summary'!B200 | C199: ='วันที่ 1'!K200 -> 0 | H199: =C199+D199-E199-F199-G199 -> 0 | J199: =IF(H199<I199,"Need to Order",IF(H199>=I199," ")) | K199: =H199 -> 0
A200: ='Monthly Summary'!A201 | B200: ='Monthly Summary'!B201 | C200: ='วันที่ 1'!K201 -> 0 | H200: =C200+D200-E200-F200-G200 -> 0 | J200: =IF(H200<I200,"Need to Order",IF(H200>=I200," ")) | K200: =H200 -> 0
A201: ='Monthly Summary'!A202 | B201: ='Monthly Summary'!B202 | C201: ='วันที่ 1'!K202 -> 0 | H201: =C201+D201-E201-F201-G201 -> 0 | J201: =IF(H201<I201,"Need to Order",IF(H201>=I201," ")) | K201: =H201 -> 0
A202: ='Monthly Summary'!A203 | B202: ='Monthly Summary'!B203 | C202: ='วันที่ 1'!K203 -> 0 | H202: =C202+D202-E202-F202-G202 -> 0 | J202: =IF(H202<I202,"Need to Order",IF(H202>=I202," ")) | K202: =H202 -> 0
A203: ='Monthly Summary'!A204 | B203: ='Monthly Summary'!B204 | C203: ='วันที่ 1'!K204 -> 0 | H203: =C203+D203-E203-F203-G203 -> 0 | J203: =IF(H203<I203,"Need to Order",IF(H203>=I203," ")) | K203: =H203 -> 0
A204: ='Monthly Summary'!A205 | B204: ='Monthly Summary'!B205 | C204: ='วันที่ 1'!K205 -> 0 | H204: =C204+D204-E204-F204-G204 -> 0 | J204: =IF(H204<I204,"Need to Order",IF(H204>=I204," ")) | K204: =H204 -> 0
A205: ='Monthly Summary'!A206 | B205: ='Monthly Summary'!B206 | C205: ='วันที่ 1'!K206 -> 0 | H205: =C205+D205-E205-F205-G205 -> 0 | J205: =IF(H205<I205,"Need to Order",IF(H205>=I205," ")) | K205: =H205 -> 0
A206: ='Monthly Summary'!A207 | B206: ='Monthly Summary'!B207 | C206: ='วันที่ 1'!K207 -> 0 | H206: =C206+D206-E206-F206-G206 -> 0 | J206: =IF(H206<I206,"Need to Order",IF(H206>=I206," ")) | K206: =H206 -> 0
A207: ='Monthly Summary'!A208 | B207: ='Monthly Summary'!B208 | C207: ='วันที่ 1'!K208 -> 0 | H207: =C207+D207-E207-F207-G207 -> 0 | J207: =IF(H207<I207,"Need to Order",IF(H207>=I207," ")) | K207: =H207 -> 0
... A226: ='Monthly Summary'!A227 | B226: ='Monthly Summary'!B227 | C226: ='วันที่ 1'!K227 -> 0 | H226: =C226+D226-E226-F226-G226 -> 0 | J226: =IF(H226<I226,"Need to Order",IF(H226>=I226," ")) | K226: =H226 -> 0
A227: 223 | B227: ='วันที่ 1'!B228 | C227: ='วันที่ 1'!K228 -> 0 | H227: =C227+D227-E227-F227-G227 -> 0 | J227: =IF(H227<I227,"Need to Order",IF(H227>=I227," ")) | K227: =H227 -> 0
A228: 224 | B228: ='วันที่ 1'!B229 | C228: ='วันที่ 1'!K229 -> 0 | H228: =C228+D228-E228-F228-G228 -> 0 | J228: =IF(H228<I228,"Need to Order",IF(H228>=I228," ")) | K228: =H228 -> 0
A229: 225 | B229: ='วันที่ 1'!B230 | C229: ='วันที่ 1'!K230 -> 0 | H229: =C229+D229-E229-F229-G229 -> 0 | J229: =IF(H229<I229,"Need to Order",IF(H229>=I229," ")) | K229: =H229 -> 0
A230: 226 | B230: ='วันที่ 1'!B231 | C230: ='วันที่ 1'!K231 -> 0 | H230: =C230+D230-E230-F230-G230 -> 0 | J230: =IF(H230<I230,"Need to Order",IF(H230>=I230," ")) | K230: =H230 -> 0
A231: 227 | B231: ='วันที่ 1'!B232 | C231: ='วันที่ 1'!K232 -> 0 | H231: =C231+D231-E231-F231-G231 -> 0 | J231: =IF(H231<I231,"Need to Order",IF(H231>=I231," ")) | K231: =H231 -> 0
A232: 228 | B232: ='วันที่ 1'!B233 | C232: ='วันที่ 1'!K233 -> 0 | H232: =C232+D232-E232-F232-G232 -> 0 | J232: =IF(H232<I232,"Need to Order",IF(H232>=I232," ")) | K232: =H232 -> 0
A233: 229 | B233: ='วันที่ 1'!B234 | C233: ='วันที่ 1'!K234 -> 0 | H233: =C233+D233-E233-F233-G233 -> 0 | J233: =IF(H233<I233,"Need to Order",IF(H233>=I233," ")) | K233: =H233 -> 0
...

Sheet วันที่ 3
A3: Code | B3: รายการ | C3: ยอดยกมาจาก วันที่ 2 | D3: รับเข้า | E3: department | H3: Onstock | I3: Par stock | J3: Status | K3: ยอดยกไป | L3: หมายเหตุ
E4: Breakfast | F4: Canteen | G4: A la carte
A5: ='Monthly Summary'!A5 -> 1000005 | B5: ='Monthly Summary'!B5 -> เกลือ ปรุงทิพย์ 1000 กรัม | C5: ='วันที่ 2 '!K5 -> 8 | H5: =C5+D5-E5-F5-G5 -> 8 | I5: ='วันที่ 1'!I5 -> 10 | J5: =IF(H5<I5,"Need to Order",IF(H5>=I5," ")) -> Need to Order | K5: =H5 -> 8
A6: ='Monthly Summary'!A6 -> 1000018 | B6: ='Monthly Summary'!B6 -> เต้าเจี้ยวสูตร 1 เด็กสมบูรณ์ 800 มล.*3 | C6: ='วันที่ 2 '!K6 -> 1 | H6: =C6+D6-E6-F6-G6 -> 1 | I6: ='วันที่ 1'!I6 -> 2 | J6: =IF(H6<I6,"Need to Order",IF(H6>=I6," ")) -> Need to Order | K6: =H6 -> 1
A7: ='Monthly Summary'!A7 -> 1000015 | B7: ='Monthly Summary'!B7 -> ซีอิ้วดำสูตร 5 เด็กสมบูรณ์ 940ml. | C7: ='วันที่ 2 '!K7 -> 2 | H7: =C7+D7-E7-F7-G7 -> 2 | I7: ='วันที่ 1'!I7 -> 4 | J7: =IF(H7<I7,"Need to Order",IF(H7>=I7," ")) -> Need to Order | K7: =H7 -> 2
A8: ='Monthly Summary'!A8 -> 1000025 | B8: ='Monthly Summary'!B8 -> น้ำมันน้ำพริกเผา ฉั่วฮะเส็ง 700 ml. | C8: ='วันที่ 2 '!K8 -> 3 | H8: =C8+D8-E8-F8-G8 -> 3 | I8: ='วันที่ 1'!I8 -> 3 | J8: =IF(H8<I8,"Need to Order",IF(H8>=I8," ")) | K8: =H8 -> 3
A9: ='Monthly Summary'!A9 -> 1000022 | B9: ='Monthly Summary'!B9 -> น้ำพริกเผาฉัวฮะเส็ง 2700g. | C9: ='วันที่ 2 '!K9 -> 2 | H9: =C9+D9-E9-F9-G9 -> 2 | I9: ='วันที่ 1'!I9 -> 3 | J9: =IF(H9<I9,"Need to Order",IF(H9>=I9," ")) -> Need to Order | K9: =H9 -> 2
A10: ='Monthly Summary'!A10 -> 1000057 | B10: ='Monthly Summary'!B10 -> ผงปรุงรส อาหารญี่ปุ่น ฮอนดาชิ 1กก. | C10: ='วันที่ 2 '!K10 -> 3 | H10: =C10+D10-E10-F10-G10 -> 3 | I10: ='วันที่ 1'!I10 -> 6 | J10: =IF(H10<I10,"Need to Order",IF(H10>=I10," ")) -> Need to Order | K10: =H10 -> 3
A11: ='Monthly Summary'!A11 -> 1000214 | B11: ='Monthly Summary'!B11 -> ซอสมะเขือเทศเข้มข้น ตราไมก้า 560 กรัม | C11: ='วันที่ 2 '!K11 -> 1 | H11: =C11+D11-E11-F11-G11 -> 1 | I11: ='วันที่ 1'!I11 -> 2 | J11: =IF(H11<I11,"Need to Order",IF(H11>=I11," ")) -> Need to Order | K11: =H11 -> 1
A12: ='Monthly Summary'!A12 -> 1010017 | B12: ='Monthly Summary'!B12 -> ปลากระป๋อง | C12: ='วันที่ 2 '!K12 -> 78 | H12: =C12+D12-E12-F12-G12 -> 78 | I12: ='วันที่ 1'!I12 -> 135 | J12: =IF(H12<I12,"Need to Order",IF(H12>=I12," ")) -> Need to Order | K12: =H12 -> 78
A13: ='Monthly Summary'!A13 -> 1010033 | B13: ='Monthly Summary'!B13 -> ปลาทูน่าในน้ำมันตราซีเล็คทูน่า 1800 กรัม*1 | C13: ='วันที่ 2 '!K13 -> 3 | H13: =C13+D13-E13-F13-G13 -> 3 | I13: ='วันที่ 1'!I13 -> 6 | J13: =IF(H13<I13,"Need to Order",IF(H13>=I13," ")) -> Need to Order | K13: =H13 -> 3
A14: ='Monthly Summary'!A14 -> 1050003 | B14: ='Monthly Summary'!B14 -> น้ำตาลทรายขาวมิตรผล 1 กก.*ถุง | C14: ='วันที่ 2 '!K14 -> 63 | H14: =C14+D14-E14-F14-G14 -> 63 | I14: ='วันที่ 1'!I14 -> 110 | J14: =IF(H14<I14,"Need to Order",IF(H14>=I14," ")) -> Need to Order | K14: =H14 -> 63
A15: ='Monthly Summary'!A15 -> 1050037 | B15: ='Monthly Summary'!B15 -> น้ำตาลอ้อยผสมน้ำตาลมะพร้าว มิตรผล 1กก*ถุง | C15: ='วันที่ 2 '!K15 -> 19 | H15: =C15+D15-E15-F15-G15 -> 19 | I15: ='วันที่ 1'!I15 -> 20 | J15: =IF(H15<I15,"Need to Order",IF(H15>=I15," ")) -> Need to Order | K15: =H15 -> 19
A16: ='Monthly Summary'!A16 -> 1380073 | B16: ='Monthly Summary'!B16 -> เอโร่ แป้งข้าวโพด 1 กก. | C16: ='วันที่ 2 '!K16 -> 1 | H16: =C16+D16-E16-F16-G16 -> 1 | I16: ='วันที่ 1'!I16 -> 3 | J16: =IF(H16<I16,"Need to Order",IF(H16>=I16," ")) -> Need to Order | K16: =H16 -> 1
A17: ='Monthly Summary'!A17 -> 1070009 | B17: ='Monthly Summary'!B17 -> แป้งว่าว เอนกประสงค์ 1 กก.*ถุง | C17: ='วันที่ 2 '!K17 -> 16 | H17: =C17+D17-E17-F17-G17 -> 16 | I17: ='วันที่ 1'!I17 -> 24 | J17: =IF(H17<I17,"Need to Order",IF(H17>=I17," ")) -> Need to Order | K17: =H17 -> 16
A18: ='Monthly Summary'!A18 -> 1070012 | B18: ='Monthly Summary'!B18 -> แป้งหงส์ขาว แป้งขนมปัง (แป้งห่าน) 1 กก.*ถุง | C18: ='วันที่ 2 '!K18 -> 2 | H18: =C18+D18-E18-F18-G18 -> 2 | I18: 16 | J18: =IF(H18<I18,"Need to Order",IF(H18>=I18," ")) -> Need to Order | K18: =H18 -> 2
A19: ='Monthly Summary'!A19 -> 1070029 | B19: ='Monthly Summary'!B19 -> แป้งทอดกรอบ 1000กรัม | C19: ='วันที่ 2 '!K19 -> 19 | H19: =C19+D19-E19-F19-G19 -> 19 | I19: ='วันที่ 1'!I19 -> 45 | J19: =IF(H19<I19,"Need to Order",IF(H19>=I19," ")) -> Need to Order | K19: =H19 -> 19
A20: ='Monthly Summary'!A20 -> 1390087 | B20: ='Monthly Summary'!B20 -> เส้นสปาเก็ตตี้ ตราโบกาซารี่ 500ก.*ห่อ | C20: ='วันที่ 2 '!K20 -> 9 | H20: =C20+D20-E20-F20-G20 -> 9 | I20: ='วันที่ 1'!I20 -> 16 | J20: =IF(H20<I20,"Need to Order",IF(H20>=I20," ")) -> Need to Order | K20: =H20 -> 9
A21: ='Monthly Summary'!A21 -> 1000037 | B21: ='Monthly Summary'!B21 -> อโรมาตคนอร์ 1 ก.ก. | C21: ='วันที่ 2 '!K21 -> 2 | H21: =C21+D21-E21-F21-G21 -> 2 | I21: ='วันที่ 1'!I21 -> 4 | J21: =IF(H21<I21,"Need to Order",IF(H21>=I21," ")) -> Need to Order | K21: =H21 -> 2
A22: ='Monthly Summary'!A22 | B22: ='Monthly Summary'!B22 | C22: ='วันที่ 2 '!K22 -> 0 | H22: =C22+D22-E22-F22-G22 -> 0 | I22: ='วันที่ 1'!I22 | J22: =IF(H22<I22,"Need to Order",IF(H22>=I22," ")) | K22: =H22 -> 0
A23: ='Monthly Summary'!A23 -> 1000059 | B23: ='Monthly Summary'!B23 -> ซุปรสเนื้อคนอร์ 1.5 ก.ก. | C23: ='วันที่ 2 '!K23 -> 4 | H23: =C23+D23-E23-F23-G23 -> 4 | I23: ='วันที่ 1'!I23 -> 4 | J23: =IF(H23<I23,"Need to Order",IF(H23>=I23," ")) | K23: =H23 -> 4
A24: ='Monthly Summary'!A24 -> 1000106 | B24: ='Monthly Summary'!B24 -> บราวน์ซอส ตราคนอร์ 1 กก. | C24: ='วันที่ 2 '!K24 -> 4 | H24: =C24+D24-E24-F24-G24 -> 4 | I24: ='วันที่ 1'!I24 -> 7 | J24: =IF(H24<I24,"Need to Order",IF(H24>=I24," ")) -> Need to Order | K24: =H24 -> 4
A25: ='Monthly Summary'!A25 -> 1000162 | B25: ='Monthly Summary'!B25 -> ผงปรุงรสเดมิเกลซ ตราคนอร์ 1 กก. | C25: ='วันที่ 2 '!K25 -> 0 | H25: =C25+D25-E25-F25-G25 -> 0 | I25: ='วันที่ 1'!I25 -> 5 | J25: =IF(H25<I25,"Need to Order",IF(H25>=I25," ")) -> Need to Order | K25: =H25 -> 0
A26: ='Monthly Summary'!A26 -> 1000108 | B26: ='Monthly Summary'!B26 -> น้ำปลาทิพรส 4.5 ลิตร | C26: ='วันที่ 2 '!K26 -> 4 | H26: =C26+D26-E26-F26-G26 -> 4 | I26: ='วันที่ 1'!I26 -> 9 | J26: =IF(H26<I26,"Need to Order",IF(H26>=I26," ")) -> Need to Order | K26: =H26 -> 4
A27: ='Monthly Summary'!A27 -> 1000111 | B27: ='Monthly Summary'!B27 -> ผงชูรสอายิโนะโมะโตะ 1กก. | C27: ='วันที่ 2 '!K27 -> 0 | H27: =C27+D27-E27-F27-G27 -> 0 | I27: ='วันที่ 1'!I27 -> 6 | J27: =IF(H27<I27,"Need to Order",IF(H27>=I27," ")) -> Need to Order | K27: =H27 -> 0
A28: ='Monthly Summary'!A28 -> 1000210 | B28: ='Monthly Summary'!B28 -> อายิโนะโมะโต๊ะ ผงรสมะนาว 400 ก. | C28: ='วันที่ 2 '!K28 -> 6 | H28: =C28+D28-E28-F28-G28 -> 6 | I28: ='วันที่ 1'!I28 -> 9 | J28: =IF(H28<I28,"Need to Order",IF(H28>=I28," ")) -> Need to Order | K28: =H28 -> 6
A29: ='Monthly Summary'!A29 -> 1000158 | B29: ='Monthly Summary'!B29 -> ซอสเห็ดหอม (สูตรเจ) ตราเด็กสมบูรณ์ 800มล.*ขวด | C29: ='วันที่ 2 '!K29 -> 2 | H29: =C29+D29-E29-F29-G29 -> 2 | I29: ='วันที่ 1'!I29 -> 3 | J29: =IF(H29<I29,"Need to Order",IF(H29>=I29," ")) -> Need to Order | K29: =H29 -> 2
A30: ='Monthly Summary'!A30 -> 1000168 | B30: ='Monthly Summary'!B30 -> ซอสมะขามเปียกเข้มข้นคนอร์ 1 กก. | C30: ='วันที่ 2 '!K30 -> 11 | H30: =C30+D30-E30-F30-G30 -> 11 | I30: ='วันที่ 1'!I30 -> 18 | J30: =IF(H30<I30,"Need to Order",IF(H30>=I30," ")) -> Need to Order | K30: =H30 -> 11
... A80: ='Monthly Summary'!A80 -> 1400093 | B80: ='Monthly Summary'!B80 -> ก้านเชอรี่มาราชิโน่โอลิเวีย 737กรัม *1 กระปุก | C80: ='วันที่ 2 '!K80 -> 6 | H80: =C80+D80-E80-F80-G80 -> 6 | I80: ='วันที่ 1'!I80 -> 7 | J80: =IF(H80<I80,"Need to Order",IF(H80>=I80," ")) -> Need to Order | K80: =H80 -> 6
A81: 1000213 | B81: มัสตาร์ดขวดบีบ ตราเฟร้นช์ส 226 กรัม/ขวด | C81: ='วันที่ 2 '!K81 -> 1 | H81: =C81+D81-E81-F81-G81 -> 1 | I81: ='วันที่ 1'!I81 -> 1 | J81: =IF(H81<I81,"Need to Order",IF(H81>=I81," ")) | K81: =H81 -> 1
A82: ='Monthly Summary'!A82 -> 1000034 | B82: ='Monthly Summary'!B82 -> ไวน์ขาวปรุงอาหาร มองแคลร์เซลิเบรชั่น 3L. | C82: ='วันที่ 2 '!K82 -> 1 | H82: =C82+D82-E82-F82-G82 -> 1 | I82: ='วันที่ 1'!I82 -> 3 | J82: =IF(H82<I82,"Need to Order",IF(H82>=I82," ")) -> Need to Order | K82: =H82 -> 1
A83: ='Monthly Summary'!A83 -> 1000035 | B83: ='Monthly Summary'!B83 -> ไวน์แดงปรุงอาหาร มองแคลร์เซลิเบรชั่น 3L. | C83: ='วันที่ 2 '!K83 -> 2 | H83: =C83+D83-E83-F83-G83 -> 2 | I83: ='วันที่ 1'!I83 -> 2 | J83: =IF(H83<I83,"Need to Order",IF(H83>=I83," ")) | K83: =H83 -> 2
A84: ='Monthly Summary'!A84 -> 1000141 | B84: ='Monthly Summary'!B84 -> น้ำสลัดงาคั่วญี่ปุ่น ตราคิวพี 1 ลิตร | C84: ='วันที่ 2 '!K84 -> 8 | H84: =C84+D84-E84-F84-G84 -> 8 | I84: ='วันที่ 1'!I84 -> 17 | J84: =IF(H84<I84,"Need to Order",IF(H84>=I84," ")) -> Need to Order | K84: =H84 -> 8
A85: ='Monthly Summary'!A85 -> 1000142 | B85: ='Monthly Summary'!B85 -> น้ำสลัดงาซีอิ๊วญี่ปุ่น คิวพี 1 ลิตร | C85: ='วันที่ 2 '!K85 -> 6 | H85: =C85+D85-E85-F85-G85 -> 6 | I85: ='วันที่ 1'!I85 -> 8 | J85: =IF(H85<I85,"Need to Order",IF(H85>=I85," ")) -> Need to Order | K85: =H85 -> 6
A86: ='Monthly Summary'!A86 -> 1050041 | B86: ='Monthly Summary'!B86 -> น้ำตาลทรายแดง ตรามิตรผล 1กก./ชิ้น | C86: ='วันที่ 2 '!K86 -> 1 | H86: =C86+D86-E86-F86-G86 -> 1 | I86: ='วันที่ 1'!I86 -> 3 | J86: =IF(H86<I86,"Need to Order",IF(H86>=I86," ")) -> Need to Order | K86: =H86 -> 1
A87: ='Monthly Summary'!A87 -> 1500273 | B87: ='Monthly Summary'!B87 -> น้ำสลัดซีซ่าร์ คิวพี 1 ลิตร | C87: ='วันที่ 2 '!K87 -> 8 | H87: =C87+D87-E87-F87-G87 -> 8 | I87: ='วันที่ 1'!I87 -> 18 | J87: =IF(H87<I87,"Need to Order",IF(H87>=I87," ")) -> Need to Order | K87: =H87 -> 8
A88: ='Monthly Summary'!A88 | B88: ='Monthly Summary'!B88 | C88: ='วันที่ 2 '!K88 -> 0 | H88: =C88+D88-E88-F88-G88 -> 0 | I88: ='วันที่ 1'!I88 | J88: =IF(H88<I88,"Need to Order",IF(H88>=I88," ")) | K88: =H88 -> 0
A89: ='Monthly Summary'!A89 -> 1000064 | B89: ='Monthly Summary'!B89 -> ซอสหอยนางรม สูตรต้นตำรับ ตราซอส9 ขนาด 5ลิตร | C89: ='วันที่ 2 '!K89 -> 4 | H89: =C89+D89-E89-F89-G89 -> 4 | I89: ='วันที่ 1'!I89 -> 15 | J89: =IF(H89<I89,"Need to Order",IF(H89>=I89," ")) -> Need to Order | K89: =H89 -> 4
A90: ='Monthly Summary'!A90 -> 1000081 | B90: ='Monthly Summary'!B90 -> ซอสมะเขือเทศ ตราซอส9 ขนาด 5ลิตร | C90: ='วันที่ 2 '!K90 -> 7 | H90: =C90+D90-E90-F90-G90 -> 7 | I90: ='วันที่ 1'!I90 -> 15 | J90: =IF(H90<I90,"Need to Order",IF(H90>=I90," ")) -> Need to Order | K90: =H90 -> 7
A91: ='Monthly Summary'!A91 -> 1000084 | B91: ='Monthly Summary'!B91 -> ซอสพริก ตราซอส9 ขนาด 5ลิตร | C91: ='วันที่ 2 '!K91 -> 2 | H91: =C91+D91-E91-F91-G91 -> 2 | I91: ='วันที่ 1'!I91 -> 3 | J91: =IF(H91<I91,"Need to Order",IF(H91>=I91," ")) -> Need to Order | K91: =H91 -> 2
A92: ='Monthly Summary'!A92 -> 1000085 | B92: ='Monthly Summary'!B92 -> น้ำจิ้มไก่ ตราซอส9 ขนาด 5ลิตร | C92: ='วันที่ 2 '!K92 -> 1 | H92: =C92+D92-E92-F92-G92 -> 1 | I92: ='วันที่ 1'!I92 -> 2 | J92: =IF(H92<I92,"Need to Order",IF(H92>=I92," ")) -> Need to Order | K92: =H92 -> 1
A93: ='Monthly Summary'!A93 -> 1000014 | B93: ='Monthly Summary'!B93 -> ซีอิ้วขาว สูตร 1 เด็กสมบูรณ์ 6000ml. | C93: ='วันที่ 2 '!K93 -> 0 | H93: =C93+D93-E93-F93-G93 -> 0 | I93: ='วันที่ 1'!I93 -> 2 | J93: =IF(H93<I93,"Need to Order",IF(H93>=I93," ")) -> Need to Order | K93: =H93 -> 0
... A139: ='Monthly Summary'!A139 -> 1500036 | B139: ='Monthly Summary'!B139 -> แตงกวาดอง ฟรากาตา 345ก.*1 ขวด | C139: ='วันที่ 2 '!K139 -> 3 | H139: =C139+D139-E139-F139-G139 -> 3 | I139: ='วันที่ 1'!I139 -> 2 | J139: =IF(H139<I139,"Need to Order",IF(H139>=I139," ")) | K139: =H139 -> 3
A140: ='Monthly Summary'!A140 -> 1080078 | B140: ='Monthly Summary'!B140 -> สาหร่ายฝอย 250กรัม | C140: ='วันที่ 2 '!K140 -> 2 | H140: =C140+D140-E140-F140-G140 -> 2 | I140: 5 | J140: =IF(H140<I140,"Need to Order",IF(H140>=I140," ")) -> Need to Order | K140: =H140 -> 2
A141: ='Monthly Summary'!A141 -> 1400064 | B141: ='Monthly Summary'!B141 -> แครกเกอร์ ตราริทซ์ 300กรัม*กล่อง | C141: ='วันที่ 2 '!K141 -> 4 | H141: =C141+D141-E141-F141-G141 -> 4 | I141: ='วันที่ 1'!I141 -> 10 | J141: =IF(H141<I141,"Need to Order",IF(H141>=I141," ")) -> Need to Order | K141: =H141 -> 4
A142: ='Monthly Summary'!A142 -> 1500314 | B142: ='Monthly Summary'!B142 -> เบเกอร์ครีม เนยขาว อิมพีเรียล 1กก. | C142: ='วันที่ 2 '!K142 -> 0 | H142: =C142+D142-E142-F142-G142 -> 0 | I142: ='วันที่ 1'!I142 -> 2 | J142: =IF(H142<I142,"Need to Order",IF(H142>=I142," ")) -> Need to Order | K142: =H142 -> 0
A143: ='Monthly Summary'!A143 -> 3200170 | B143: ='Monthly Summary'!B143 -> กระดาษไขเคลือบพิเศษ 40*75 ม. | C143: ='วันที่ 2 '!K143 -> 5 | H143: =C143+D143-E143-F143-G143 -> 5 | I143: ='วันที่ 1'!I143 -> 9 | J143: =IF(H143<I143,"Need to Order",IF(H143>=I143," ")) -> Need to Order | K143: =H143 -> 5
A144: ='Monthly Summary'!A144 -> 3200022 | B144: ='Monthly Summary'!B144 -> ปืนยิงแก๊ส | C144: ='วันที่ 2 '!K144 -> 2 | H144: =C144+D144-E144-F144-G144 -> 2 | I144: ='วันที่ 1'!I144 -> 5 | J144: =IF(H144<I144,"Need to Order",IF(H144>=I144," ")) -> Need to Order | K144: =H144 -> 2
A145: ='Monthly Summary'!A145 -> 3200184 | B145: ='Monthly Summary'!B145 -> AROฟิล์มยืดห่ออาหารยาว 18"*500ม. | C145: ='วันที่ 2 '!K145 -> 6 | H145: =C145+D145-E145-F145-G145 -> 6 | I145: ='วันที่ 1'!I145 -> 9 | J145: =IF(H145<I145,"Need to Order",IF(H145>=I145," ")) -> Need to Order | K145: =H145 -> 6
A146: ='Monthly Summary'!A146 -> 3300361 | B146: ='Monthly Summary'!B146 -> กระดาษเช็ดมือ Livi M Fold 250 แผ่น 1 ชั้น (1ลัง*16ห่อ) | C146: ='วันที่ 2 '!K146 -> 0 | H146: =C146+D146-E146-F146-G146 -> 0 | I146: ='วันที่ 1'!I146 -> 16 | J146: =IF(H146<I146,"Need to Order",IF(H146>=I146," ")) -> Need to Order | K146: =H146 -> 0
A147: ='Monthly Summary'!A147 -> 3100205 | B147: ='Monthly Summary'!B147 -> สก็อตไบร์ทเขียว 6*9 นิ้ว (1ห่อ*10ชิ้น) | C147: ='วันที่ 2 '!K147 -> 5 | H147: =C147+D147-E147-F147-G147 -> 5 | I147: ='วันที่ 1'!I147 -> 2 | J147: =IF(H147<I147,"Need to Order",IF(H147>=I147," ")) | K147: =H147 -> 5
A148: ='Monthly Summary'!A148 -> 3100022 | B148: ='Monthly Summary'!B148 -> สก็อตไบร์ทเขียว+ฟองน้ำ3*4นิ้ว (1ห่อ*10ชิ้น) | C148: ='วันที่ 2 '!K148 -> 5 | H148: =C148+D148-E148-F148-G148 -> 5 | I148: ='วันที่ 1'!I148 -> 3 | J148: =IF(H148<I148,"Need to Order",IF(H148>=I148," ")) | K148: =H148 -> 5
A149: ='Monthly Summary'!A149 -> 3100227 | B149: ='Monthly Summary'!B149 -> หมวกคลุมผมตัวหนอน1*50 ใบ | C149: ='วันที่ 2 '!K149 -> 100 | H149: =C149+D149-E149-F149-G149 -> 100 | I149: ='วันที่ 1'!I149 -> 150 | J149: =IF(H149<I149,"Need to Order",IF(H149>=I149," ")) -> Need to Order | K149: =H149 -> 100
A150: ='Monthly Summary'!A150 -> 3200130 | B150: ='Monthly Summary'!B150 -> ARO ถุงม้วนปรุ 12"*18" 500 ใบ | C150: ='วันที่ 2 '!K150 -> 3 | H150: =C150+D150-E150-F150-G150 -> 3 | I150: ='วันที่ 1'!I150 -> 4 | J150: =IF(H150<I150,"Need to Order",IF(H150>=I150," ")) -> Need to Order | K150: =H150 -> 3
A151: ='Monthly Summary'!A151 -> 3100355 | B151: ='Monthly Summary'!B151 -> ผงซักฟอกโอโม มอร์นิ่ง เฟรช สีชมพู 2.4 กก. | C151: ='วันที่ 2 '!K151 -> 5 | H151: =C151+D151-E151-F151-G151 -> 5 | I151: ='วันที่ 1'!I151 -> 6 | J151: =IF(H151<I151,"Need to Order",IF(H151>=I151," ")) -> Need to Order | K151: =H151 -> 5
A152: ='Monthly Summary'!A152 -> 3100219 | B152: ='Monthly Summary'!B152 -> ถุงมืออนามัยสีขาว Size M 1x100 คู่ | C152: ='วันที่ 2 '!K152 -> 8 | H152: =C152+D152-E152-F152-G152 -> 8 | I152: ='วันที่ 1'!I152 -> 16 | J152: =IF(H152<I152,"Need to Order",IF(H152>=I152," ")) -> Need to Order | K152: =H152 -> 8
... A197: ='Monthly Summary'!A197 | B197: ='Monthly Summary'!B197 | C197: ='วันที่ 2 '!K197 -> 0 | H197: =C197+D197-E197-F197-G197 -> 0 | I197: ='วันที่ 1'!I197 | J197: =IF(H197<I197,"Need to Order",IF(H197>=I197," ")) | K197: =H197 -> 0
A198: ='Monthly Summary'!A199 | B198: ='Monthly Summary'!B199 | C198: ='วันที่ 2 '!K198 -> 0 | H198: =C198+D198-E198-F198-G198 -> 0 | J198: =IF(H198<I198,"Need to Order",IF(H198>=I198," ")) | K198: =H198 -> 0
A199: ='Monthly Summary'!A200 | B199: ='Monthly Summary'!B200 | C199: ='วันที่ 2 '!K199 -> 0 | H199: =C199+D199-E199-F199-G199 -> 0 | J199: =IF(H199<I199,"Need to Order",IF(H199>=I199," ")) | K199: =H199 -> 0
A200: ='Monthly Summary'!A201 | B200: ='Monthly Summary'!B201 | C200: ='วันที่ 2 '!K200 -> 0 | H200: =C200+D200-E200-F200-G200 -> 0 | J200: =IF(H200<I200,"Need to Order",IF(H200>=I200," ")) | K200: =H200 -> 0
A201: ='Monthly Summary'!A202 | B201: ='Monthly Summary'!B202 | C201: ='วันที่ 2 '!K201 -> 0 | H201: =C201+D201-E201-F201-G201 -> 0 | J201: =IF(H201<I201,"Need to Order",IF(H201>=I201," ")) | K201: =H201 -> 0
A202: ='Monthly Summary'!A203 | B202: ='Monthly Summary'!B203 | C202: ='วันที่ 2 '!K202 -> 0 | H202: =C202+D202-E202-F202-G202 -> 0 | J202: =IF(H202<I202,"Need to Order",IF(H202>=I202," ")) | K202: =H202 -> 0
A203: ='Monthly Summary'!A204 | B203: ='Monthly Summary'!B204 | C203: ='วันที่ 2 '!K203 -> 0 | H203: =C203+D203-E203-F203-G203 -> 0 | J203: =IF(H203<I203,"Need to Order",IF(H203>=I203," ")) | K203: =H203 -> 0
A204: ='Monthly Summary'!A205 | B204: ='Monthly Summary'!B205 | C204: ='วันที่ 2 '!K204 -> 0 | H204: =C204+D204-E204-F204-G204 -> 0 | J204: =IF(H204<I204,"Need to Order",IF(H204>=I204," ")) | K204: =H204 -> 0
A205: ='Monthly Summary'!A206 | B205: ='Monthly Summary'!B206 | C205: ='วันที่ 2 '!K205 -> 0 | H205: =C205+D205-E205-F205-G205 -> 0 | J205: =IF(H205<I205,"Need to Order",IF(H205>=I205," ")) | K205: =H205 -> 0
A206: ='Monthly Summary'!A207 | B206: ='Monthly Summary'!B207 | C206: ='วันที่ 2 '!K206 -> 0 | H206: =C206+D206-E206-F206-G206 -> 0 | J206: =IF(H206<I206,"Need to Order",IF(H206>=I206," ")) | K206: =H206 -> 0
A207: ='Monthly Summary'!A208 | B207: ='Monthly Summary'!B208 | C207: ='วันที่ 2 '!K207 -> 0 | H207: =C207+D207-E207-F207-G207 -> 0 | J207: =IF(H207<I207,"Need to Order",IF(H207>=I207," ")) | K207: =H207 -> 0
A208: ='Monthly Summary'!A209 | B208: ='Monthly Summary'!B209 | C208: ='วันที่ 2 '!K208 -> 0 | H208: =C208+D208-E208-F208-G208 -> 0 | J208: =IF(H208<I208,"Need to Order",IF(H208>=I208," ")) | K208: =H208 -> 0
A209: ='Monthly Summary'!A210 | B209: ='Monthly Summary'!B210 | C209: ='วันที่ 2 '!K209 -> 0 | H209: =C209+D209-E209-F209-G209 -> 0 | J209: =IF(H209<I209,"Need to Order",IF(H209>=I209," ")) | K209: =H209 -> 0
... A226: ='Monthly Summary'!A227 | B226: ='Monthly Summary'!B227 | C226: ='วันที่ 2 '!K226 -> 0 | H226: =C226+D226-E226-F226-G226 -> 0 | J226: =IF(H226<I226,"Need to Order",IF(H226>=I226," ")) | K226: =H226 -> 0
A227: 223 | B227: ='วันที่ 2 '!B227 | C227: ='วันที่ 2 '!K227 -> 0 | H227: =C227+D227-E227-F227-G227 -> 0 | J227: =IF(H227<I227,"Need to Order",IF(H227>=I227," ")) | K227: =H227 -> 0
A228: 224 | B228: ='วันที่ 2 '!B228 | C228: ='วันที่ 2 '!K228 -> 0 | H228: =C228+D228-E228-F228-G228 -> 0 | J228: =IF(H228<I228,"Need to Order",IF(H228>=I228," ")) | K228: =H228 -> 0
A229: 225 | B229: ='วันที่ 2 '!B229 | C229: ='วันที่ 2 '!K229 -> 0 | H229: =C229+D229-E229-F229-G229 -> 0 | J229: =IF(H229<I229,"Need to Order",IF(H229>=I229," ")) | K229: =H229 -> 0
A230: 226 | B230: ='วันที่ 2 '!B230 | C230: ='วันที่ 2 '!K230 -> 0 | H230: =C230+D230-E230-F230-G230 -> 0 | J230: =IF(H230<I230,"Need to Order",IF(H230>=I230," ")) | K230: =H230 -> 0
A231: 227 | B231: ='วันที่ 2 '!B231 | C231: ='วันที่ 2 '!K231 -> 0 | H231: =C231+D231-E231-F231-G231 -> 0 | J231: =IF(H231<I231,"Need to Order",IF(H231>=I231," ")) | K231: =H231 -> 0
A232: 228 | B232: ='วันที่ 2 '!B232 | C232: ='วันที่ 2 '!K232 -> 0 | H232: =C232+D232-E232-F232-G232 -> 0 | J232: =IF(H232<I232,"Need to Order",IF(H232>=I232," ")) | K232: =H232 -> 0
A233: 229 | B233: ='วันที่ 2 '!B233 | C233: ='วันที่ 2 '!K233 -> 0 | H233: =C233+D233-E233-F233-G233 -> 0 | J233: =IF(H233<I233,"Need to Order",IF(H233>=I233," ")) | K233: =H233 -> 0
A234: 230 | B234: ='วันที่ 2 '!B234 | C234: ='วันที่ 2 '!K234 -> 0 | H234: =C234+D234-E234-F234-G234 -> 0 | J234: =IF(H234<I234,"Need to Order",IF(H234>=I234," ")) | K234: =H234 -> 0
A235: 231 | B235: ='วันที่ 2 '!B235 | C235: ='วันที่ 2 '!K235 -> 0 | H235: =C235+D235-E235-F235-G235 -> 0 | J235: =IF(H235<I235,"Need to Order",IF(H235>=I235," ")) | K235: =H235 -> 0
A236: 232 | B236: ='วันที่ 2 '!B236 | C236: ='วันที่ 2 '!K236 -> 0 | H236: =C236+D236-E236-F236-G236 -> 0 | J236: =IF(H236<I236,"Need to Order",IF(H236>=I236," ")) | K236: =H236 -> 0
A237: 233 | B237: ='วันที่ 2 '!B237 | C237: ='วันที่ 2 '!K237 -> 0 | H237: =C237+D237-E237-F237-G237 -> 0 | J237: =IF(H237<I237,"Need to Order",IF(H237>=I237," ")) | K237: =H237 -> 0
A238: 234 | B238: ='วันที่ 2 '!B238 | C238: ='วันที่ 2 '!K238 -> 0 | H238: =C238+D238-E238-F238-G238 -> 0 | J238: =IF(H238<I238,"Need to Order",IF(H238>=I238," ")) | K238: =H238 -> 0
... A301: 297 | B301: ='วันที่ 2 '!B301 | C301: ='วันที่ 2 '!K301 -> 0 | H301: =C301+D301-E301-F301-G301 -> 0 | J301: =IF(H301<I301,"Need to Order",IF(H301>=I301," ")) | K301: =H301 -> 0

Sheet วันที่ 4
A3: Code | B3: รายการ | C3: ยอดยกมาจาก วันที่ 3 | D3: รับเข้า | E3: department | H3: Onstock | I3: Par stock | J3: Status | K3: ยอดยกไป | L3: หมายเหตุ
E4: Breakfast | F4: Canteen | G4: A la carte
A5: ='Monthly Summary'!A5 -> 1000005 | B5: ='Monthly Summary'!B5 -> เกลือ ปรุงทิพย์ 1000 กรัม | C5: ='วันที่ 3'!K5 -> 8 | H5: =C5+D5-E5-F5-G5 -> 8 | I5: ='วันที่ 1'!I5 -> 10 | J5: =IF(H5<I5,"Need to Order",IF(H5>=I5," ")) -> Need to Order | K5: =H5 -> 8
A6: ='Monthly Summary'!A6 -> 1000018 | B6: ='Monthly Summary'!B6 -> เต้าเจี้ยวสูตร 1 เด็กสมบูรณ์ 800 มล.*3 | C6: ='วันที่ 3'!K6 -> 1 | H6: =C6+D6-E6-F6-G6 -> 1 | I6: ='วันที่ 1'!I6 -> 2 | J6: =IF(H6<I6,"Need to Order",IF(H6>=I6," ")) -> Need to Order | K6: =H6 -> 1
A7: ='Monthly Summary'!A7 -> 1000015 | B7: ='Monthly Summary'!B7 -> ซีอิ้วดำสูตร 5 เด็กสมบูรณ์ 940ml. | C7: ='วันที่ 3'!K7 -> 2 | H7: =C7+D7-E7-F7-G7 -> 2 | I7: ='วันที่ 1'!I7 -> 4 | J7: =IF(H7<I7,"Need to Order",IF(H7>=I7," ")) -> Need to Order | K7: =H7 -> 2
A8: ='Monthly Summary'!A8 -> 1000025 | B8: ='Monthly Summary'!B8 -> น้ำมันน้ำพริกเผา ฉั่วฮะเส็ง 700 ml. | C8: ='วันที่ 3'!K8 -> 3 | H8: =C8+D8-E8-F8-G8 -> 3 | I8: ='วันที่ 1'!I8 -> 3 | J8: =IF(H8<I8,"Need to Order",IF(H8>=I8," ")) | K8: =H8 -> 3
A9: ='Monthly Summary'!A9 -> 1000022 | B9: ='Monthly Summary'!B9 -> น้ำพริกเผาฉัวฮะเส็ง 2700g. | C9: ='วันที่ 3'!K9 -> 2 | H9: =C9+D9-E9-F9-G9 -> 2 | I9: ='วันที่ 1'!I9 -> 3 | J9: =IF(H9<I9,"Need to Order",IF(H9>=I9," ")) -> Need to Order | K9: =H9 -> 2
A10: ='Monthly Summary'!A10 -> 1000057 | B10: ='Monthly Summary'!B10 -> ผงปรุงรส อาหารญี่ปุ่น ฮอนดาชิ 1กก. | C10: ='วันที่ 3'!K10 -> 3 | H10: =C10+D10-E10-F10-G10 -> 3 | I10: ='วันที่ 1'!I10 -> 6 | J10: =IF(H10<I10,"Need to Order",IF(H10>=I10," ")) -> Need to Order | K10: =H10 -> 3
A11: ='Monthly Summary'!A11 -> 1000214 | B11: ='Monthly Summary'!B11 -> ซอสมะเขือเทศเข้มข้น ตราไมก้า 560 กรัม | C11: ='วันที่ 3'!K11 -> 1 | H11: =C11+D11-E11-F11-G11 -> 1 | I11: ='วันที่ 1'!I11 -> 2 | J11: =IF(H11<I11,"Need to Order",IF(H11>=I11," ")) -> Need to Order | K11: =H11 -> 1
A12: ='Monthly Summary'!A12 -> 1010017 | B12: ='Monthly Summary'!B12 -> ปลากระป๋อง | C12: ='วันที่ 3'!K12 -> 78 | H12: =C12+D12-E12-F12-G12 -> 78 | I12: ='วันที่ 1'!I12 -> 135 | J12: =IF(H12<I12,"Need to Order",IF(H12>=I12," ")) -> Need to Order | K12: =H12 -> 78
A13: ='Monthly Summary'!A13 -> 1010033 | B13: ='Monthly Summary'!B13 -> ปลาทูน่าในน้ำมันตราซีเล็คทูน่า 1800 กรัม*1 | C13: ='วันที่ 3'!K13 -> 3 | H13: =C13+D13-E13-F13-G13 -> 3 | I13: ='วันที่ 1'!I13 -> 6 | J13: =IF(H13<I13,"Need to Order",IF(H13>=I13," ")) -> Need to Order | K13: =H13 -> 3
A14: ='Monthly Summary'!A14 -> 1050003 | B14: ='Monthly Summary'!B14 -> น้ำตาลทรายขาวมิตรผล 1 กก.*ถุง | C14: ='วันที่ 3'!K14 -> 63 | H14: =C14+D14-E14-F14-G14 -> 63 | I14: ='วันที่ 1'!I14 -> 110 | J14: =IF(H14<I14,"Need to Order",IF(H14>=I14," ")) -> Need to Order | K14: =H14 -> 63
A15: ='Monthly Summary'!A15 -> 1050037 | B15: ='Monthly Summary'!B15 -> น้ำตาลอ้อยผสมน้ำตาลมะพร้าว มิตรผล 1กก*ถุง | C15: ='วันที่ 3'!K15 -> 19 | H15: =C15+D15-E15-F15-G15 -> 19 | I15: ='วันที่ 1'!I15 -> 20 | J15: =IF(H15<I15,"Need to Order",IF(H15>=I15," ")) -> Need to Order | K15: =H15 -> 19
A16: ='Monthly Summary'!A16 -> 1380073 | B16: ='Monthly Summary'!B16 -> เอโร่ แป้งข้าวโพด 1 กก. | C16: ='วันที่ 3'!K16 -> 1 | H16: =C16+D16-E16-F16-G16 -> 1 | I16: ='วันที่ 1'!I16 -> 3 | J16: =IF(H16<I16,"Need to Order",IF(H16>=I16," ")) -> Need to Order | K16: =H16 -> 1
... A18: ='Monthly Summary'!A18 -> 1070012 | B18: ='Monthly Summary'!B18 -> แป้งหงส์ขาว แป้งขนมปัง (แป้งห่าน) 1 กก.*ถุง | C18: ='วันที่ 3'!K18 -> 2 | H18: =C18+D18-E18-F18-G18 -> 2 | I18: ='วันที่ 1'!I18 -> 12 | J18: =IF(H18<I18,"Need to Order",IF(H18>=I18," ")) -> Need to Order | K18: =H18 -> 2
A19: ='Monthly Summary'!A19 -> 1070029 | B19: ='Monthly Summary'!B19 -> แป้งทอดกรอบ 1000กรัม | C19: ='วันที่ 3'!K19 -> 19 | G19: 2 | H19: =C19+D19-E19-F19-G19 -> 17 | I19: ='วันที่ 1'!I19 -> 45 | J19: =IF(H19<I19,"Need to Order",IF(H19>=I19," ")) -> Need to Order | K19: =H19 -> 17
A20: ='Monthly Summary'!A20 -> 1390087 | B20: ='Monthly Summary'!B20 -> เส้นสปาเก็ตตี้ ตราโบกาซารี่ 500ก.*ห่อ | C20: ='วันที่ 3'!K20 -> 9 | H20: =C20+D20-E20-F20-G20 -> 9 | I20: ='วันที่ 1'!I20 -> 16 | J20: =IF(H20<I20,"Need to Order",IF(H20>=I20," ")) -> Need to Order | K20: =H20 -> 9
A21: ='Monthly Summary'!A21 -> 1000037 | B21: ='Monthly Summary'!B21 -> อโรมาตคนอร์ 1 ก.ก. | C21: ='วันที่ 3'!K21 -> 2 | H21: =C21+D21-E21-F21-G21 -> 2 | I21: ='วันที่ 1'!I21 -> 4 | J21: =IF(H21<I21,"Need to Order",IF(H21>=I21," ")) -> Need to Order | K21: =H21 -> 2
A22: ='Monthly Summary'!A22 | B22: ='Monthly Summary'!B22 | C22: ='วันที่ 3'!K22 -> 0 | H22: =C22+D22-E22-F22-G22 -> 0 | I22: ='วันที่ 1'!I22 | J22: =IF(H22<I22,"Need to Order",IF(H22>=I22," ")) | K22: =H22 -> 0
A23: ='Monthly Summary'!A23 -> 1000059 | B23: ='Monthly Summary'!B23 -> ซุปรสเนื้อคนอร์ 1.5 ก.ก. | C23: ='วันที่ 3'!K23 -> 4 | H23: =C23+D23-E23-F23-G23 -> 4 | I23: ='วันที่ 1'!I23 -> 4 | J23: =IF(H23<I23,"Need to Order",IF(H23>=I23," ")) | K23: =H23 -> 4
A24: ='Monthly Summary'!A24 -> 1000106 | B24: ='Monthly Summary'!B24 -> บราวน์ซอส ตราคนอร์ 1 กก. | C24: ='วันที่ 3'!K24 -> 4 | H24: =C24+D24-E24-F24-G24 -> 4 | I24: ='วันที่ 1'!I24 -> 7 | J24: =IF(H24<I24,"Need to Order",IF(H24>=I24," ")) -> Need to Order | K24: =H24 -> 4
A25: ='Monthly Summary'!A25 -> 1000162 | B25: ='Monthly Summary'!B25 -> ผงปรุงรสเดมิเกลซ ตราคนอร์ 1 กก. | C25: ='วันที่ 3'!K25 -> 0 | H25: =C25+D25-E25-F25-G25 -> 0 | I25: ='วันที่ 1'!I25 -> 5 | J25: =IF(H25<I25,"Need to Order",IF(H25>=I25," ")) -> Need to Order | K25: =H25 -> 0
A26: ='Monthly Summary'!A26 -> 1000108 | B26: ='Monthly Summary'!B26 -> น้ำปลาทิพรส 4.5 ลิตร | C26: ='วันที่ 3'!K26 -> 4 | H26: =C26+D26-E26-F26-G26 -> 4 | I26: ='วันที่ 1'!I26 -> 9 | J26: =IF(H26<I26,"Need to Order",IF(H26>=I26," ")) -> Need to Order | K26: =H26 -> 4
A27: ='Monthly Summary'!A27 -> 1000111 | B27: ='Monthly Summary'!B27 -> ผงชูรสอายิโนะโมะโตะ 1กก. | C27: ='วันที่ 3'!K27 -> 0 | G27: 1 | H27: =C27+D27-E27-F27-G27 -> -1 | I27: ='วันที่ 1'!I27 -> 6 | J27: =IF(H27<I27,"Need to Order",IF(H27>=I27," ")) -> Need to Order | K27: =H27 -> -1
A28: ='Monthly Summary'!A28 -> 1000210 | B28: ='Monthly Summary'!B28 -> อายิโนะโมะโต๊ะ ผงรสมะนาว 400 ก. | C28: ='วันที่ 3'!K28 -> 6 | H28: =C28+D28-E28-F28-G28 -> 6 | I28: ='วันที่ 1'!I28 -> 9 | J28: =IF(H28<I28,"Need to Order",IF(H28>=I28," ")) -> Need to Order | K28: =H28 -> 6
A29: ='Monthly Summary'!A29 -> 1000158 | B29: ='Monthly Summary'!B29 -> ซอสเห็ดหอม (สูตรเจ) ตราเด็กสมบูรณ์ 800มล.*ขวด | C29: ='วันที่ 3'!K29 -> 2 | H29: =C29+D29-E29-F29-G29 -> 2 | I29: ='วันที่ 1'!I29 -> 3 | J29: =IF(H29<I29,"Need to Order",IF(H29>=I29," ")) -> Need to Order | K29: =H29 -> 2
A30: ='Monthly Summary'!A30 -> 1000168 | B30: ='Monthly Summary'!B30 -> ซอสมะขามเปียกเข้มข้นคนอร์ 1 กก. | C30: ='วันที่ 3'!K30 -> 11 | H30: =C30+D30-E30-F30-G30 -> 11 | I30: ='วันที่ 1'!I30 -> 18 | J30: =IF(H30<I30,"Need to Order",IF(H30>=I30," ")) -> Need to Order | K30: =H30 -> 11
A31: ='Monthly Summary'!A31 -> 1000191 | B31: ='Monthly Summary'!B31 -> ผงปรุงรสเห็ดหอม ตราฟ้าไทย 800กรัม*ถุง | C31: ='วันที่ 3'!K31 -> 2 | H31: =C31+D31-E31-F31-G31 -> 2 | I31: ='วันที่ 1'!I31 -> 3 | J31: =IF(H31<I31,"Need to Order",IF(H31>=I31," ")) -> Need to Order | K31: =H31 -> 2
A32: ='Monthly Summary'!A32 -> 1000179 | B32: ='Monthly Summary'!B32 -> ผงรสดีไก่ 1.5 กก. | C32: ='วันที่ 3'!K32 -> 9 | H32: =C32+D32-E32-F32-G32 -> 9 | I32: ='วันที่ 1'!I32 -> 30 | J32: =IF(H32<I32,"Need to Order",IF(H32>=I32," ")) -> Need to Order | K32: =H32 -> 9
A33: ='Monthly Summary'!A33 -> 1040014 | B33: ='Monthly Summary'!B33 -> กะทิ100% ตรา อร่อยดี 1L. | C33: ='วันที่ 3'!K33 -> 59 | H33: =C33+D33-E33-F33-G33 -> 59 | I33: ='วันที่ 1'!I33 -> 132 | J33: =IF(H33<I33,"Need to Order",IF(H33>=I33," ")) -> Need to Order | K33: =H33 -> 59
A34: ='Monthly Summary'!A34 -> 1110009 | B34: ='Monthly Summary'!B34 -> โบนัส น้ำมันปาล์ม ถัง 18 ล. | C34: ='วันที่ 3'!K34 -> 4 | H34: =C34+D34-E34-F34-G34 -> 4 | I34: ='วันที่ 1'!I34 -> 10 | J34: =IF(H34<I34,"Need to Order",IF(H34>=I34," ")) -> Need to Order | K34: =H34 -> 4
A35: ='Monthly Summary'!A35 -> 1500271 | B35: ='Monthly Summary'!B35 -> มายองเนส ตราเอโร่ 1000 กรัม*1 | C35: ='วันที่ 3'!K35 -> 9 | H35: =C35+D35-E35-F35-G35 -> 9 | I35: ='วันที่ 1'!I35 -> 12 | J35: =IF(H35<I35,"Need to Order",IF(H35>=I35," ")) -> Need to Order | K35: =H35 -> 9
A36: ='Monthly Summary'!A36 -> 1500052 | B36: ='Monthly Summary'!B36 -> มายองเนส (เรียล) เบสท์ฟูดส์ 1กก*ถุง (อะราคาส) | C36: ='วันที่ 3'!K36 -> 7 | H36: =C36+D36-E36-F36-G36 -> 7 | I36: ='วันที่ 1'!I36 -> 9 | J36: =IF(H36<I36,"Need to Order",IF(H36>=I36," ")) -> Need to Order | K36: =H36 -> 7
A37: ='Monthly Summary'!A37 -> 1500272 | B37: ='Monthly Summary'!B37 -> น้ำสลัดเทาซัน ไอน์แลนด์ 1กก.*ถุง | C37: ='วันที่ 3'!K37 -> 6 | H37: =C37+D37-E37-F37-G37 -> 6 | I37: ='วันที่ 1'!I37 -> 13 | J37: =IF(H37<I37,"Need to Order",IF(H37>=I37," ")) -> Need to Order | K37: =H37 -> 6
A38: ='Monthly Summary'!A38 -> 1120026 | B38: ='Monthly Summary'!B38 -> เนยถั่วแบบบดละเอียด ตราจิฟ 454 ก. | C38: ='วันที่ 3'!K38 -> 10 | H38: =C38+D38-E38-F38-G38 -> 10 | I38: ='วันที่ 1'!I38 -> 15 | J38: =IF(H38<I38,"Need to Order",IF(H38>=I38," ")) -> Need to Order | K38: =H38 -> 10
A39: ='Monthly Summary'!A39 -> 1000001 | B39: ='Monthly Summary'!B39 -> ถั่วขาวในซอสมะเขือเทศ 425 g. | C39: ='วันที่ 3'!K39 -> 5 | H39: =C39+D39-E39-F39-G39 -> 5 | I39: ='วันที่ 1'!I39 -> 5 | J39: =IF(H39<I39,"Need to Order",IF(H39>=I39," ")) | K39: =H39 -> 5
... A92: ='Monthly Summary'!A92 -> 1000085 | B92: ='Monthly Summary'!B92 -> น้ำจิ้มไก่ ตราซอส9 ขนาด 5ลิตร | C92: ='วันที่ 3'!K92 -> 1 | H92: =C92+D92-E92-F92-G92 -> 1 | I92: ='วันที่ 1'!I92 -> 2 | J92: =IF(H92<I92,"Need to Order",IF(H92>=I92," ")) -> Need to Order | K92: =H92 -> 1
A93: ='Monthly Summary'!A93 -> 1000014 | B93: ='Monthly Summary'!B93 -> ซีอิ้วขาว สูตร 1 เด็กสมบูรณ์ 6000ml. | C93: ='วันที่ 3'!K93 -> 0 | G93: 1 | H93: =C93+D93-E93-F93-G93 -> -1 | I93: ='วันที่ 1'!I93 -> 2 | J93: =IF(H93<I93,"Need to Order",IF(H93>=I93," ")) -> Need to Order | K93: =H93 -> -1
A94: ='Monthly Summary'!A94 -> 1000177 | B94: ='Monthly Summary'!B94 -> น้ำจิ้มสุกี้ตราเอโร่ 5 ลิตร*แกลลอน | C94: ='วันที่ 3'!K94 -> 2 | H94: =C94+D94-E94-F94-G94 -> 2 | I94: ='วันที่ 1'!I94 -> 2 | J94: =IF(H94<I94,"Need to Order",IF(H94>=I94," ")) | K94: =H94 -> 2
A95: ='Monthly Summary'!A95 -> 1400085 | B95: ='Monthly Summary'!B95 -> เบกกิ้งโซดา 1 ถุง* 1กก. | C95: ='วันที่ 3'!K95 -> 2 | H95: =C95+D95-E95-F95-G95 -> 2 | I95: ='วันที่ 1'!I95 -> 2 | J95: =IF(H95<I95,"Need to Order",IF(H95>=I95," ")) | K95: =H95 -> 2
A96: ='Monthly Summary'!A96 -> 1500045 | B96: ='Monthly Summary'!B96 -> มาการีน เนยเทียมสูตรน้ำมันปาล์ม อิมพีเรียล1กก. | C96: ='วันที่ 3'!K96 -> 0 | H96: =C96+D96-E96-F96-G96 -> 0 | I96: ='วันที่ 1'!I96 -> 2 | J96: =IF(H96<I96,"Need to Order",IF(H96>=I96," ")) -> Need to Order | K96: =H96 -> 0
A97: ='Monthly Summary'!A97 -> 1070017 | B97: ='Monthly Summary'!B97 -> ผงฟูอิมพีเรียล 400ก. | C97: ='วันที่ 3'!K97 -> 1 | H97: =C97+D97-E97-F97-G97 -> 1 | I97: ='วันที่ 1'!I97 -> 3 | J97: =IF(H97<I97,"Need to Order",IF(H97>=I97," ")) -> Need to Order | K97: =H97 -> 1
A98: ='Monthly Summary'!A98 -> 1070025 | B98: ='Monthly Summary'!B98 -> แม็กกาแรตครีมออฟทาร์ทาร์ 200กรัม | C98: ='วันที่ 3'!K98 -> 2 | H98: =C98+D98-E98-F98-G98 -> 2 | I98: ='วันที่ 1'!I98 -> 2 | J98: =IF(H98<I98,"Need to Order",IF(H98>=I98," ")) | K98: =H98 -> 2
A99: ='Monthly Summary'!A99 -> 1040067 | B99: ='Monthly Summary'!B99 -> คาร์เนชั่น นมข้นจืด 405 มล.* 24 กระป๋อง | C99: ='วันที่ 3'!K99 -> 19 | G99: 1 | H99: =C99+D99-E99-F99-G99 -> 18 | I99: ='วันที่ 1'!I99 -> 26 | J99: =IF(H99<I99,"Need to Order",IF(H99>=I99," ")) -> Need to Order | K99: =H99 -> 18
A100: ='Monthly Summary'!A100 -> 1000160 | B100: ='Monthly Summary'!B100 -> ฮอยซินซอส ตราลีกุมกี่ 240 กรัม | C100: ='วันที่ 3'!K100 -> 0 | H100: =C100+D100-E100-F100-G100 -> 0 | I100: ='วันที่ 1'!I100 -> 3 | J100: =IF(H100<I100,"Need to Order",IF(H100>=I100," ")) -> Need to Order | K100: =H100 -> 0
A101: ='Monthly Summary'!A101 -> 1000024 | B101: ='Monthly Summary'!B101 -> น้ำมันงาตรามังกรคู่ 630 ml. | C101: ='วันที่ 3'!K101 -> 1 | H101: =C101+D101-E101-F101-G101 -> 1 | I101: ='วันที่ 1'!I101 -> 2 | J101: =IF(H101<I101,"Need to Order",IF(H101>=I101," ")) -> Need to Order | K101: =H101 -> 1
A102: ='Monthly Summary'!A102 -> 1390041 | B102: ='Monthly Summary'!B102 -> เส้นหมี่ขาว 2700 กรัม*แพ็ค | C102: ='วันที่ 3'!K102 -> 2 | H102: =C102+D102-E102-F102-G102 -> 2 | I102: ='วันที่ 1'!I102 -> 2 | J102: =IF(H102<I102,"Need to Order",IF(H102>=I102," ")) | K102: =H102 -> 2
A103: ='Monthly Summary'!A103 -> 1390057 | B103: ='Monthly Summary'!B103 -> พาสต้า เฟตตูชินีไข่ 1กก. ขั้นต่ำ5ถุง | C103: ='วันที่ 3'!K103 -> 3 | H103: =C103+D103-E103-F103-G103 -> 3 | I103: ='วันที่ 1'!I103 -> 6 | J103: =IF(H103<I103,"Need to Order",IF(H103>=I103," ")) -> Need to Order | K103: =H103 -> 3
A104: ='Monthly Summary'!A104 -> 1390080 | B104: ='Monthly Summary'!B104 -> พาสต้าริกาโตเน่ไข่ 1กก.*แพ็ค ขั้นต่ำ5ถุง | C104: ='วันที่ 3'!K104 -> 4 | H104: =C104+D104-E104-F104-G104 -> 4 | I104: ='วันที่ 1'!I104 -> 5 | J104: =IF(H104<I104,"Need to Order",IF(H104>=I104," ")) -> Need to Order | K104: =H104 -> 4
A105: ='Monthly Summary'!A105 -> 1390047 | B105: ='Monthly Summary'!B105 -> มักกะโรนีข้องอ 1 กก. ขั้นต่ำ5ถุง | C105: ='วันที่ 3'!K105 -> 0 | H105: =C105+D105-E105-F105-G105 -> 0 | I105: ='วันที่ 1'!I105 -> 2 | J105: =IF(H105<I105,"Need to Order",IF(H105>=I105," ")) -> Need to Order | K105: =H105 -> 0
A106: ='Monthly Summary'!A106 -> 1080014 | B106: ='Monthly Summary'!B106 -> งาขาว500กรัม | C106: ='วันที่ 3'!K106 -> 2 | H106: =C106+D106-E106-F106-G106 -> 2 | I106: ='วันที่ 1'!I106 -> 2 | J106: =IF(H106<I106,"Need to Order",IF(H106>=I106," ")) | K106: =H106 -> 2
A107: ='Monthly Summary'!A107 -> 1080015 | B107: ='Monthly Summary'!B107 -> งาดำ500กรัม | C107: ='วันที่ 3'!K107 -> 2 | H107: =C107+D107-E107-F107-G107 -> 2 | I107: ='วันที่ 1'!I107 -> 2 | J107: =IF(H107<I107,"Need to Order",IF(H107>=I107," ")) | K107: =H107 -> 2
A108: ='Monthly Summary'!A108 -> 1200061 | B108: ='Monthly Summary'!B108 -> ข้าวคั่ว 500 กรัม | C108: ='วันที่ 3'!K108 -> 1 | H108: =C108+D108-E108-F108-G108 -> 1 | I108: ='วันที่ 1'!I108 -> 5 | J108: =IF(H108<I108,"Need to Order",IF(H108>=I108," ")) -> Need to Order | K108: =H108 -> 1
A109: ='Monthly Summary'!A109 -> 1080018 | B109: ='Monthly Summary'!B109 -> พริกป่น (ถุง 500 กรัม) | C109: ='วันที่ 3'!K109 -> 1 | H109: =C109+D109-E109-F109-G109 -> 1 | I109: ='วันที่ 1'!I109 -> 4 | J109: =IF(H109<I109,"Need to Order",IF(H109>=I109," ")) -> Need to Order | K109: =H109 -> 1
A110: ='Monthly Summary'!A110 -> 1200091 | B110: ='Monthly Summary'!B110 -> ลูกเดือย 500 กรัม *ห่อ | C110: ='วันที่ 3'!K110 -> 2 | H110: =C110+D110-E110-F110-G110 -> 2 | I110: ='วันที่ 1'!I110 -> 1 | J110: =IF(H110<I110,"Need to Order",IF(H110>=I110," ")) | K110: =H110 -> 2
A111: ='Monthly Summary'!A111 | B111: ='Monthly Summary'!B111 | C111: ='วันที่ 3'!K111 -> 0 | H111: =C111+D111-E111-F111-G111 -> 0 | I111: ='วันที่ 1'!I111 | J111: =IF(H111<I111,"Need to Order",IF(H111>=I111," ")) | K111: =H111 -> 0
... A194: ='Monthly Summary'!A194 -> 1080026 | B194: ='Monthly Summary'!B194 -> แผ่นสาหร่ายทะเลห่อข้าว 105ก. | C194: ='วันที่ 3'!K194 -> 3 | H194: =C194+D194-E194-F194-G194 -> 3 | I194: ='วันที่ 1'!I194 -> 6 | J194: =IF(H194<I194,"Need to Order",IF(H194>=I194," ")) -> Need to Order | K194: =H194 -> 3
A195: ='Monthly Summary'!A196 | B195: ='Monthly Summary'!B196 | C195: ='วันที่ 3'!K195 -> 0 | H195: =C195+D195-E195-F195-G195 -> 0 | I195: ='วันที่ 1'!I195 | J195: =IF(H195<I195,"Need to Order",IF(H195>=I195," ")) | K195: =H195 -> 0
A196: ='Monthly Summary'!A197 | B196: ='Monthly Summary'!B197 | C196: ='วันที่ 3'!K196 -> 0 | H196: =C196+D196-E196-F196-G196 -> 0 | I196: ='วันที่ 1'!I196 | J196: =IF(H196<I196,"Need to Order",IF(H196>=I196," ")) | K196: =H196 -> 0
A197: ='Monthly Summary'!A198 | B197: ='Monthly Summary'!B198 | C197: ='วันที่ 3'!K197 -> 0 | H197: =C197+D197-E197-F197-G197 -> 0 | I197: ='วันที่ 1'!I197 | J197: =IF(H197<I197,"Need to Order",IF(H197>=I197," ")) | K197: =H197 -> 0
A198: ='Monthly Summary'!A199 | B198: ='Monthly Summary'!B199 | C198: ='วันที่ 3'!K198 -> 0 | H198: =C198+D198-E198-F198-G198 -> 0 | J198: =IF(H198<I198,"Need to Order",IF(H198>=I198," ")) | K198: =H198 -> 0
A199: ='Monthly Summary'!A200 | B199: ='Monthly Summary'!B200 | C199: ='วันที่ 3'!K199 -> 0 | H199: =C199+D199-E199-F199-G199 -> 0 | J199: =IF(H199<I199,"Need to Order",IF(H199>=I199," ")) | K199: =H199 -> 0
A200: ='Monthly Summary'!A201 | B200: ='Monthly Summary'!B201 | C200: ='วันที่ 3'!K200 -> 0 | H200: =C200+D200-E200-F200-G200 -> 0 | J200: =IF(H200<I200,"Need to Order",IF(H200>=I200," ")) | K200: =H200 -> 0
A201: ='Monthly Summary'!A202 | B201: ='Monthly Summary'!B202 | C201: ='วันที่ 3'!K201 -> 0 | H201: =C201+D201-E201-F201-G201 -> 0 | J201: =IF(H201<I201,"Need to Order",IF(H201>=I201," ")) | K201: =H201 -> 0
A202: ='Monthly Summary'!A203 | B202: ='Monthly Summary'!B203 | C202: ='วันที่ 3'!K202 -> 0 | H202: =C202+D202-E202-F202-G202 -> 0 | J202: =IF(H202<I202,"Need to Order",IF(H202>=I202," ")) | K202: =H202 -> 0
A203: ='Monthly Summary'!A204 | B203: ='Monthly Summary'!B204 | C203: ='วันที่ 3'!K203 -> 0 | H203: =C203+D203-E203-F203-G203 -> 0 | J203: =IF(H203<I203,"Need to Order",IF(H203>=I203," ")) | K203: =H203 -> 0
A204: ='Monthly Summary'!A205 | B204: ='Monthly Summary'!B205 | C204: ='วันที่ 3'!K204 -> 0 | H204: =C204+D204-E204-F204-G204 -> 0 | J204: =IF(H204<I204,"Need to Order",IF(H204>=I204," ")) | K204: =H204 -> 0
A205: ='Monthly Summary'!A206 | B205: ='Monthly Summary'!B206 | C205: ='วันที่ 3'!K205 -> 0 | H205: =C205+D205-E205-F205-G205 -> 0 | J205: =IF(H205<I205,"Need to Order",IF(H205>=I205," ")) | K205: =H205 -> 0
A206: ='Monthly Summary'!A207 | B206: ='Monthly Summary'!B207 | C206: ='วันที่ 3'!K206 -> 0 | H206: =C206+D206-E206-F206-G206 -> 0 | J206: =IF(H206<I206,"Need to Order",IF(H206>=I206," ")) | K206: =H206 -> 0
A207: ='Monthly Summary'!A208 | B207: ='Monthly Summary'!B208 | C207: ='วันที่ 3'!K207 -> 0 | H207: =C207+D207-E207-F207-G207 -> 0 | J207: =IF(H207<I207,"Need to Order",IF(H207>=I207," ")) | K207: =H207 -> 0
A208: ='Monthly Summary'!A209 | B208: ='Monthly Summary'!B209 | C208: ='วันที่ 3'!K208 -> 0 | H208: =C208+D208-E208-F208-G208 -> 0 | J208: =IF(H208<I208,"Need to Order",IF(H208>=I208," ")) | K208: =H208 -> 0
A209: ='Monthly Summary'!A210 | B209: ='Monthly Summary'!B210 | C209: ='วันที่ 3'!K209 -> 0 | H209: =C209+D209-E209-F209-G209 -> 0 | J209: =IF(H209<I209,"Need to Order",IF(H209>=I209," ")) | K209: =H209 -> 0
... A226: ='Monthly Summary'!A227 | B226: ='Monthly Summary'!B227 | C226: ='วันที่ 3'!K226 -> 0 | H226: =C226+D226-E226-F226-G226 -> 0 | J226: =IF(H226<I226,"Need to Order",IF(H226>=I226," ")) | K226: =H226 -> 0
A227: 223 | B227: ='วันที่ 2 '!B227 | C227: ='วันที่ 3'!K227 -> 0 | H227: =C227+D227-E227-F227-G227 -> 0 | J227: =IF(H227<I227,"Need to Order",IF(H227>=I227," ")) | K227: =H227 -> 0
A228: 224 | B228: ='วันที่ 2 '!B228 | C228: ='วันที่ 3'!K228 -> 0 | H228: =C228+D228-E228-F228-G228 -> 0 | J228: =IF(H228<I228,"Need to Order",IF(H228>=I228," ")) | K228: =H228 -> 0
A229: 225 | B229: ='วันที่ 2 '!B229 | C229: ='วันที่ 3'!K229 -> 0 | H229: =C229+D229-E229-F229-G229 -> 0 | J229: =IF(H229<I229,"Need to Order",IF(H229>=I229," ")) | K229: =H229 -> 0
A230: 226 | B230: ='วันที่ 2 '!B230 | C230: ='วันที่ 3'!K230 -> 0 | H230: =C230+D230-E230-F230-G230 -> 0 | J230: =IF(H230<I230,"Need to Order",IF(H230>=I230," ")) | K230: =H230 -> 0
A231: 227 | B231: ='วันที่ 2 '!B231 | C231: ='วันที่ 3'!K231 -> 0 | H231: =C231+D231-E231-F231-G231 -> 0 | J231: =IF(H231<I231,"Need to Order",IF(H231>=I231," ")) | K231: =H231 -> 0
A232: 228 | B232: ='วันที่ 2 '!B232 | C232: ='วันที่ 3'!K232 -> 0 | H232: =C232+D232-E232-F232-G232 -> 0 | J232: =IF(H232<I232,"Need to Order",IF(H232>=I232," ")) | K232: =H232 -> 0
A233: 229 | B233: ='วันที่ 2 '!B233 | C233: ='วันที่ 3'!K233 -> 0 | H233: =C233+D233-E233-F233-G233 -> 0 | J233: =IF(H233<I233,"Need to Order",IF(H233>=I233," ")) | K233: =H233 -> 0
A234: 230 | B234: ='วันที่ 2 '!B234 | C234: ='วันที่ 3'!K234 -> 0 | H234: =C234+D234-E234-F234-G234 -> 0 | J234: =IF(H234<I234,"Need to Order",IF(H234>=I234," ")) | K234: =H234 -> 0
A235: 231 | B235: ='วันที่ 2 '!B235 | C235: ='วันที่ 3'!K235 -> 0 | H235: =C235+D235-E235-F235-G235 -> 0 | J235: =IF(H235<I235,"Need to Order",IF(H235>=I235," ")) | K235: =H235 -> 0
A236: 232 | B236: ='วันที่ 2 '!B236 | C236: ='วันที่ 3'!K236 -> 0 | H236: =C236+D236-E236-F236-G236 -> 0 | J236: =IF(H236<I236,"Need to Order",IF(H236>=I236," ")) | K236: =H236 -> 0
A237: 233 | B237: ='วันที่ 2 '!B237 | C237: ='วันที่ 3'!K237 -> 0 | H237: =C237+D237-E237-F237-G237 -> 0 | J237: =IF(H237<I237,"Need to Order",IF(H237>=I237," ")) | K237: =H237 -> 0
A238: 234 | B238: ='วันที่ 2 '!B238 | C238: ='วันที่ 3'!K238 -> 0 | H238: =C238+D238-E238-F238-G238 -> 0 | J238: =IF(H238<I238,"Need to Order",IF(H238>=I238," ")) | K238: =H238 -> 0
... A301: 297 | B301: ='วันที่ 2 '!B301 | C301: ='วันที่ 3'!K301 -> 0 | H301: =C301+D301-E301-F301-G301 -> 0 | J301: =IF(H301<I301,"Need to Order",IF(H301>=I301," ")) | K301: =H301 -> 0

Sheet วันที่ 5
A3: Code | B3: รายการ | C3: ยอดยกมาจาก วันที่ 4 | D3: รับเข้า | E3: department | H3: Onstock | I3: Par stock | J3: Status | K3: ยอดยกไป | L3: หมายเหตุ
E4: Breakfast | F4: Canteen | G4: A la carte
A5: ='Monthly Summary'!A5 -> 1000005 | B5: ='Monthly Summary'!B5 -> เกลือ ปรุงทิพย์ 1000 กรัม | C5: ='วันที่ 4'!K5 -> 8 | H5: =C5+D5-E5-F5-G5 -> 8 | I5: ='วันที่ 1'!I5 -> 10 | J5: =IF(H5<I5,"Need to Order",IF(H5>=I5," ")) -> Need to Order | K5: =H5 -> 8
A6: ='Monthly Summary'!A6 -> 1000018 | B6: ='Monthly Summary'!B6 -> เต้าเจี้ยวสูตร 1 เด็กสมบูรณ์ 800 มล.*3 | C6: ='วันที่ 4'!K6 -> 1 | H6: =C6+D6-E6-F6-G6 -> 1 | I6: ='วันที่ 1'!I6 -> 2 | J6: =IF(H6<I6,"Need to Order",IF(H6>=I6," ")) -> Need to Order | K6: =H6 -> 1
A7: ='Monthly Summary'!A7 -> 1000015 | B7: ='Monthly Summary'!B7 -> ซีอิ้วดำสูตร 5 เด็กสมบูรณ์ 940ml. | C7: ='วันที่ 4'!K7 -> 2 | H7: =C7+D7-E7-F7-G7 -> 2 | I7: ='วันที่ 1'!I7 -> 4 | J7: =IF(H7<I7,"Need to Order",IF(H7>=I7," ")) -> Need to Order | K7: =H7 -> 2
A8: ='Monthly Summary'!A8 -> 1000025 | B8: ='Monthly Summary'!B8 -> น้ำมันน้ำพริกเผา ฉั่วฮะเส็ง 700 ml. | C8: ='วันที่ 4'!K8 -> 3 | H8: =C8+D8-E8-F8-G8 -> 3 | I8: ='วันที่ 1'!I8 -> 3 | J8: =IF(H8<I8,"Need to Order",IF(H8>=I8," ")) | K8: =H8 -> 3
A9: ='Monthly Summary'!A9 -> 1000022 | B9: ='Monthly Summary'!B9 -> น้ำพริกเผาฉัวฮะเส็ง 2700g. | C9: ='วันที่ 4'!K9 -> 2 | H9: =C9+D9-E9-F9-G9 -> 2 | I9: ='วันที่ 1'!I9 -> 3 | J9: =IF(H9<I9,"Need to Order",IF(H9>=I9," ")) -> Need to Order | K9: =H9 -> 2
A10: ='Monthly Summary'!A10 -> 1000057 | B10: ='Monthly Summary'!B10 -> ผงปรุงรส อาหารญี่ปุ่น ฮอนดาชิ 1กก. | C10: ='วันที่ 4'!K10 -> 3 | H10: =C10+D10-E10-F10-G10 -> 3 | I10: ='วันที่ 1'!I10 -> 6 | J10: =IF(H10<I10,"Need to Order",IF(H10>=I10," ")) -> Need to Order | K10: =H10 -> 3
A11: ='Monthly Summary'!A11 -> 1000214 | B11: ='Monthly Summary'!B11 -> ซอสมะเขือเทศเข้มข้น ตราไมก้า 560 กรัม | C11: ='วันที่ 4'!K11 -> 1 | H11: =C11+D11-E11-F11-G11 -> 1 | I11: ='วันที่ 1'!I11 -> 2 | J11: =IF(H11<I11,"Need to Order",IF(H11>=I11," ")) -> Need to Order | K11: =H11 -> 1
A12: ='Monthly Summary'!A12 -> 1010017 | B12: ='Monthly Summary'!B12 -> ปลากระป๋อง | C12: ='วันที่ 4'!K12 -> 78 | H12: =C12+D12-E12-F12-G12 -> 78 | I12: ='วันที่ 1'!I12 -> 135 | J12: =IF(H12<I12,"Need to Order",IF(H12>=I12," ")) -> Need to Order | K12: =H12 -> 78
A13: ='Monthly Summary'!A13 -> 1010033 | B13: ='Monthly Summary'!B13 -> ปลาทูน่าในน้ำมันตราซีเล็คทูน่า 1800 กรัม*1 | C13: ='วันที่ 4'!K13 -> 3 | H13: =C13+D13-E13-F13-G13 -> 3 | I13: ='วันที่ 1'!I13 -> 6 | J13: =IF(H13<I13,"Need to Order",IF(H13>=I13," ")) -> Need to Order | K13: =H13 -> 3
A14: ='Monthly Summary'!A14 -> 1050003 | B14: ='Monthly Summary'!B14 -> น้ำตาลทรายขาวมิตรผล 1 กก.*ถุง | C14: ='วันที่ 4'!K14 -> 63 | H14: =C14+D14-E14-F14-G14 -> 63 | I14: ='วันที่ 1'!I14 -> 110 | J14: =IF(H14<I14,"Need to Order",IF(H14>=I14," ")) -> Need to Order | K14: =H14 -> 63
A15: ='Monthly Summary'!A15 -> 1050037 | B15: ='Monthly Summary'!B15 -> น้ำตาลอ้อยผสมน้ำตาลมะพร้าว มิตรผล 1กก*ถุง | C15: ='วันที่ 4'!K15 -> 19 | H15: =C15+D15-E15-F15-G15 -> 19 | I15: ='วันที่ 1'!I15 -> 20 | J15: =IF(H15<I15,"Need to Order",IF(H15>=I15," ")) -> Need to Order | K15: =H15 -> 19
A16: ='Monthly Summary'!A16 -> 1380073 | B16: ='Monthly Summary'!B16 -> เอโร่ แป้งข้าวโพด 1 กก. | C16: ='วันที่ 4'!K16 -> 1 | H16: =C16+D16-E16-F16-G16 -> 1 | I16: ='วันที่ 1'!I16 -> 3 | J16: =IF(H16<I16,"Need to Order",IF(H16>=I16," ")) -> Need to Order | K16: =H16 -> 1
... A18: ='Monthly Summary'!A18 -> 1070012 | B18: ='Monthly Summary'!B18 -> แป้งหงส์ขาว แป้งขนมปัง (แป้งห่าน) 1 กก.*ถุง | C18: ='วันที่ 4'!K18 -> 2 | H18: =C18+D18-E18-F18-G18 -> 2 | I18: ='วันที่ 1'!I18 -> 12 | J18: =IF(H18<I18,"Need to Order",IF(H18>=I18," ")) -> Need to Order | K18: =H18 -> 2
A19: ='Monthly Summary'!A19 -> 1070029 | B19: ='Monthly Summary'!B19 -> แป้งทอดกรอบ 1000กรัม | C19: ='วันที่ 4'!K19 -> 17 | G19: 2 | H19: =C19+D19-E19-F19-G19 -> 15 | I19: ='วันที่ 1'!I19 -> 45 | J19: =IF(H19<I19,"Need to Order",IF(H19>=I19," ")) -> Need to Order | K19: =H19 -> 15
A20: ='Monthly Summary'!A20 -> 1390087 | B20: ='Monthly Summary'!B20 -> เส้นสปาเก็ตตี้ ตราโบกาซารี่ 500ก.*ห่อ | C20: ='วันที่ 4'!K20 -> 9 | G20: 2 | H20: =C20+D20-E20-F20-G20 -> 7 | I20: ='วันที่ 1'!I20 -> 16 | J20: =IF(H20<I20,"Need to Order",IF(H20>=I20," ")) -> Need to Order | K20: =H20 -> 7
A21: ='Monthly Summary'!A21 -> 1000037 | B21: ='Monthly Summary'!B21 -> อโรมาตคนอร์ 1 ก.ก. | C21: ='วันที่ 4'!K21 -> 2 | H21: =C21+D21-E21-F21-G21 -> 2 | I21: ='วันที่ 1'!I21 -> 4 | J21: =IF(H21<I21,"Need to Order",IF(H21>=I21," ")) -> Need to Order | K21: =H21 -> 2
A22: ='Monthly Summary'!A22 | B22: ='Monthly Summary'!B22 | C22: ='วันที่ 4'!K22 -> 0 | H22: =C22+D22-E22-F22-G22 -> 0 | I22: ='วันที่ 1'!I22 | J22: =IF(H22<I22,"Need to Order",IF(H22>=I22," ")) | K22: =H22 -> 0
A23: ='Monthly Summary'!A23 -> 1000059 | B23: ='Monthly Summary'!B23 -> ซุปรสเนื้อคนอร์ 1.5 ก.ก. | C23: ='วันที่ 4'!K23 -> 4 | H23: =C23+D23-E23-F23-G23 -> 4 | I23: ='วันที่ 1'!I23 -> 4 | J23: =IF(H23<I23,"Need to Order",IF(H23>=I23," ")) | K23: =H23 -> 4
A24: ='Monthly Summary'!A24 -> 1000106 | B24: ='Monthly Summary'!B24 -> บราวน์ซอส ตราคนอร์ 1 กก. | C24: ='วันที่ 4'!K24 -> 4 | H24: =C24+D24-E24-F24-G24 -> 4 | I24: ='วันที่ 1'!I24 -> 7 | J24: =IF(H24<I24,"Need to Order",IF(H24>=I24," ")) -> Need to Order | K24: =H24 -> 4
A25: ='Monthly Summary'!A25 -> 1000162 | B25: ='Monthly Summary'!B25 -> ผงปรุงรสเดมิเกลซ ตราคนอร์ 1 กก. | C25: ='วันที่ 4'!K25 -> 0 | H25: =C25+D25-E25-F25-G25 -> 0 | I25: ='วันที่ 1'!I25 -> 5 | J25: =IF(H25<I25,"Need to Order",IF(H25>=I25," ")) -> Need to Order | K25: =H25 -> 0
A26: ='Monthly Summary'!A26 -> 1000108 | B26: ='Monthly Summary'!B26 -> น้ำปลาทิพรส 4.5 ลิตร | C26: ='วันที่ 4'!K26 -> 4 | H26: =C26+D26-E26-F26-G26 -> 4 | I26: ='วันที่ 1'!I26 -> 9 | J26: =IF(H26<I26,"Need to Order",IF(H26>=I26," ")) -> Need to Order | K26: =H26 -> 4
A27: ='Monthly Summary'!A27 -> 1000111 | B27: ='Monthly Summary'!B27 -> ผงชูรสอายิโนะโมะโตะ 1กก. | C27: ='วันที่ 4'!K27 -> -1 | H27: =C27+D27-E27-F27-G27 -> -1 | I27: ='วันที่ 1'!I27 -> 6 | J27: =IF(H27<I27,"Need to Order",IF(H27>=I27," ")) -> Need to Order | K27: =H27 -> -1
A28: ='Monthly Summary'!A28 -> 1000210 | B28: ='Monthly Summary'!B28 -> อายิโนะโมะโต๊ะ ผงรสมะนาว 400 ก. | C28: ='วันที่ 4'!K28 -> 6 | H28: =C28+D28-E28-F28-G28 -> 6 | I28: ='วันที่ 1'!I28 -> 9 | J28: =IF(H28<I28,"Need to Order",IF(H28>=I28," ")) -> Need to Order | K28: =H28 -> 6
A29: ='Monthly Summary'!A29 -> 1000158 | B29: ='Monthly Summary'!B29 -> ซอสเห็ดหอม (สูตรเจ) ตราเด็กสมบูรณ์ 800มล.*ขวด | C29: ='วันที่ 4'!K29 -> 2 | H29: =C29+D29-E29-F29-G29 -> 2 | I29: ='วันที่ 1'!I29 -> 3 | J29: =IF(H29<I29,"Need to Order",IF(H29>=I29," ")) -> Need to Order | K29: =H29 -> 2
A30: ='Monthly Summary'!A30 -> 1000168 | B30: ='Monthly Summary'!B30 -> ซอสมะขามเปียกเข้มข้นคนอร์ 1 กก. | C30: ='วันที่ 4'!K30 -> 11 | H30: =C30+D30-E30-F30-G30 -> 11 | I30: ='วันที่ 1'!I30 -> 18 | J30: =IF(H30<I30,"Need to Order",IF(H30>=I30," ")) -> Need to Order | K30: =H30 -> 11
A31: ='Monthly Summary'!A31 -> 1000191 | B31: ='Monthly Summary'!B31 -> ผงปรุงรสเห็ดหอม ตราฟ้าไทย 800กรัม*ถุง | C31: ='วันที่ 4'!K31 -> 2 | H31: =C31+D31-E31-F31-G31 -> 2 | I31: ='วันที่ 1'!I31 -> 3 | J31: =IF(H31<I31,"Need to Order",IF(H31>=I31," ")) -> Need to Order | K31: =H31 -> 2
A32: ='Monthly Summary'!A32 -> 1000179 | B32: ='Monthly Summary'!B32 -> ผงรสดีไก่ 1.5 กก. | C32: ='วันที่ 4'!K32 -> 9 | H32: =C32+D32-E32-F32-G32 -> 9 | I32: ='วันที่ 1'!I32 -> 30 | J32: =IF(H32<I32,"Need to Order",IF(H32>=I32," ")) -> Need to Order | K32: =H32 -> 9
A33: ='Monthly Summary'!A33 -> 1040014 | B33: ='Monthly Summary'!B33 -> กะทิ100% ตรา อร่อยดี 1L. | C33: ='วันที่ 4'!K33 -> 59 | H33: =C33+D33-E33-F33-G33 -> 59 | I33: ='วันที่ 1'!I33 -> 132 | J33: =IF(H33<I33,"Need to Order",IF(H33>=I33," ")) -> Need to Order | K33: =H33 -> 59
A34: ='Monthly Summary'!A34 -> 1110009 | B34: ='Monthly Summary'!B34 -> โบนัส น้ำมันปาล์ม ถัง 18 ล. | C34: ='วันที่ 4'!K34 -> 4 | G34: 1 | H34: =C34+D34-E34-F34-G34 -> 3 | I34: ='วันที่ 1'!I34 -> 10 | J34: =IF(H34<I34,"Need to Order",IF(H34>=I34," ")) -> Need to Order | K34: =H34 -> 3
A35: ='Monthly Summary'!A35 -> 1500271 | B35: ='Monthly Summary'!B35 -> มายองเนส ตราเอโร่ 1000 กรัม*1 | C35: ='วันที่ 4'!K35 -> 9 | H35: =C35+D35-E35-F35-G35 -> 9 | I35: ='วันที่ 1'!I35 -> 12 | J35: =IF(H35<I35,"Need to Order",IF(H35>=I35," ")) -> Need to Order | K35: =H35 -> 9
A36: ='Monthly Summary'!A36 -> 1500052 | B36: ='Monthly Summary'!B36 -> มายองเนส (เรียล) เบสท์ฟูดส์ 1กก*ถุง (อะราคาส) | C36: ='วันที่ 4'!K36 -> 7 | H36: =C36+D36-E36-F36-G36 -> 7 | I36: ='วันที่ 1'!I36 -> 9 | J36: =IF(H36<I36,"Need to Order",IF(H36>=I36," ")) -> Need to Order | K36: =H36 -> 7
A37: ='Monthly Summary'!A37 -> 1500272 | B37: ='Monthly Summary'!B37 -> น้ำสลัดเทาซัน ไอน์แลนด์ 1กก.*ถุง | C37: ='วันที่ 4'!K37 -> 6 | H37: =C37+D37-E37-F37-G37 -> 6 | I37: ='วันที่ 1'!I37 -> 13 | J37: =IF(H37<I37,"Need to Order",IF(H37>=I37," ")) -> Need to Order | K37: =H37 -> 6
A38: ='Monthly Summary'!A38 -> 1120026 | B38: ='Monthly Summary'!B38 -> เนยถั่วแบบบดละเอียด ตราจิฟ 454 ก. | C38: ='วันที่ 4'!K38 -> 10 | H38: =C38+D38-E38-F38-G38 -> 10 | I38: ='วันที่ 1'!I38 -> 15 | J38: =IF(H38<I38,"Need to Order",IF(H38>=I38," ")) -> Need to Order | K38: =H38 -> 10
A39: ='Monthly Summary'!A39 -> 1000001 | B39: ='Monthly Summary'!B39 -> ถั่วขาวในซอสมะเขือเทศ 425 g. | C39: ='วันที่ 4'!K39 -> 5 | H39: =C39+D39-E39-F39-G39 -> 5 | I39: ='วันที่ 1'!I39 -> 5 | J39: =IF(H39<I39,"Need to Order",IF(H39>=I39," ")) | K39: =H39 -> 5
A40: ='Monthly Summary'!A40 -> 1000019 | B40: ='Monthly Summary'!B40 -> น้ำปรุงรสข้าวซูชิ เอโร่ 1 ลิตร | C40: ='วันที่ 4'!K40 -> 4 | H40: =C40+D40-E40-F40-G40 -> 4 | I40: ='วันที่ 1'!I40 -> 6 | J40: =IF(H40<I40,"Need to Order",IF(H40>=I40," ")) -> Need to Order | K40: =H40 -> 4
A41: ='Monthly Summary'!A41 -> 1000062 | B41: ='Monthly Summary'!B41 -> ผงปาปริก้า (PAPRIKA) ตราแม็คคอร์มิค 510g.*กระปุก | C41: ='วันที่ 4'!K41 -> 1 | H41: =C41+D41-E41-F41-G41 -> 1 | I41: ='วันที่ 1'!I41 -> 2 | J41: =IF(H41<I41,"Need to Order",IF(H41>=I41," ")) -> Need to Order | K41: =H41 -> 1
A42: ='Monthly Summary'!A42 | B42: ='Monthly Summary'!B42 | C42: ='วันที่ 4'!K42 -> 0 | H42: =C42+D42-E42-F42-G42 -> 0 | I42: ='วันที่ 1'!I42 | J42: =IF(H42<I42,"Need to Order",IF(H42>=I42," ")) | K42: =H42 -> 0
A43: ='Monthly Summary'!A43 -> 1000083 | B43: ='Monthly Summary'!B43 -> น้ำส้มสายชูไวน์ขาว ตรา แบร์ทอลลี ขนาด 500 ml. | C43: ='วันที่ 4'!K43 -> 1 | H43: =C43+D43-E43-F43-G43 -> 1 | I43: ='วันที่ 1'!I43 -> 3 | J43: =IF(H43<I43,"Need to Order",IF(H43>=I43," ")) -> Need to Order | K43: =H43 -> 1
A44: ='Monthly Summary'!A44 -> 1000211 | B44: ='Monthly Summary'!B44 -> ผงปาปริก้า สูตรปาปริก้า 200 กรัม*ถุง | C44: ='วันที่ 4'!K44 -> 3 | H44: =C44+D44-E44-F44-G44 -> 3 | I44: ='วันที่ 1'!I44 -> 3 | J44: =IF(H44<I44,"Need to Order",IF(H44>=I44," ")) | K44: =H44 -> 3
A45: ='Monthly Summary'!A45 -> 1050007 | B45: ='Monthly Summary'!B45 -> น้ำตาลกรวด ตราไร่ทิพย์ 500กรัม | C45: ='วันที่ 4'!K45 -> 3 | H45: =C45+D45-E45-F45-G45 -> 3 | I45: ='วันที่ 1'!I45 -> 4 | J45: =IF(H45<I45,"Need to Order",IF(H45>=I45," ")) -> Need to Order | K45: =H45 -> 3
A46: ='Monthly Summary'!A46 -> 1400036 | B46: ='Monthly Summary'!B46 -> แพคติน 500 กรัม | C46: ='วันที่ 4'!K46 -> 2 | H46: =C46+D46-E46-F46-G46 -> 2 | I46: ='วันที่ 1'!I46 -> 1 | J46: =IF(H46<I46,"Need to Order",IF(H46>=I46," ")) | K46: =H46 -> 2
... A103: ='Monthly Summary'!A103 -> 1390057 | B103: ='Monthly Summary'!B103 -> พาสต้า เฟตตูชินีไข่ 1กก. ขั้นต่ำ5ถุง | C103: ='วันที่ 4'!K103 -> 3 | H103: =C103+D103-E103-F103-G103 -> 3 | I103: ='วันที่ 1'!I103 -> 6 | J103: =IF(H103<I103,"Need to Order",IF(H103>=I103," ")) -> Need to Order | K103: =H103 -> 3
A104: ='Monthly Summary'!A104 -> 1390080 | B104: ='Monthly Summary'!B104 -> พาสต้าริกาโตเน่ไข่ 1กก.*แพ็ค ขั้นต่ำ5ถุง | C104: ='วันที่ 4'!K104 -> 4 | G104: 1 | H104: =C104+D104-E104-F104-G104 -> 3 | I104: ='วันที่ 1'!I104 -> 5 | J104: =IF(H104<I104,"Need to Order",IF(H104>=I104," ")) -> Need to Order | K104: =H104 -> 3
A105: ='Monthly Summary'!A105 -> 1390047 | B105: ='Monthly Summary'!B105 -> มักกะโรนีข้องอ 1 กก. ขั้นต่ำ5ถุง | C105: ='วันที่ 4'!K105 -> 0 | H105: =C105+D105-E105-F105-G105 -> 0 | I105: ='วันที่ 1'!I105 -> 2 | J105: =IF(H105<I105,"Need to Order",IF(H105>=I105," ")) -> Need to Order | K105: =H105 -> 0
A106: ='Monthly Summary'!A106 -> 1080014 | B106: ='Monthly Summary'!B106 -> งาขาว500กรัม | C106: ='วันที่ 4'!K106 -> 2 | H106: =C106+D106-E106-F106-G106 -> 2 | I106: ='วันที่ 1'!I106 -> 2 | J106: =IF(H106<I106,"Need to Order",IF(H106>=I106," ")) | K106: =H106 -> 2
A107: ='Monthly Summary'!A107 -> 1080015 | B107: ='Monthly Summary'!B107 -> งาดำ500กรัม | C107: ='วันที่ 4'!K107 -> 2 | H107: =C107+D107-E107-F107-G107 -> 2 | I107: ='วันที่ 1'!I107 -> 2 | J107: =IF(H107<I107,"Need to Order",IF(H107>=I107," ")) | K107: =H107 -> 2
